date,product,customer_id,sales_amount,region,quantity,cost,profit
2024-01-24,Monitor,,187.81412935397526,East,9,112.62185582874885,75.19227352522641
2023-12-30,Headphones,8147.0,330.7531263312373,West,7,174.6766704149393,156.076455916298
2024-01-28,Keyboard,5451.0,287.16865876024326,East,7,176.90408852867273,110.26457023157053
2024-01-08,Headphones,4876.0,241.73752275066715,West,6,92.5050699693737,149.23245278129346
2023-12-10,Headphones,6959.0,108.81966953308977,South,3,50.638282551424595,58.18138698166517
2024-01-09,Mouse,1126.0,448.97189685821,West,6,165.45113898706697,283.520757871143
2024-01-22,Keyboard,4177.0,252.40309196959512,South,8,49.514948303415835,202.8881436661793
2024-01-11,Keyboard,9795.0,137.58013031934428,West,8,153.0532768927459,-15.473146573401635
2023-12-22,Keyboard,7024.0,215.49170789478032,North,9,179.48708945295107,36.00461844182925
2024-01-18,Headphones,6109.0,236.35838863801717,East,1,181.14064417072387,55.2177444672933
2024-01-22,Monitor,5146.0,422.39205300509343,North,1,193.29858545170725,229.09346755338618
2024-01-26,Keyboard,8196.0,380.1264712526309,West,3,220.75766696010285,159.36880429252804
2024-01-30,Headphones,4368.0,396.1872021386029,West,3,134.99056815190136,261.19663398670156
2024-02-10,Mouse,4797.0,54.96406899289124,West,8,187.95731359180138,-132.99324459891014
2023-12-29,Monitor,2792.0,237.2692991808927,South,1,162.40972913414245,74.85957004675024
2023-12-27,Mouse,6732.0,266.60486823589565,East,2,62.92718615346699,203.67768208242865
2024-01-28,Monitor,4476.0,58.63652457037551,East,2,25.908618319963878,32.72790625041163
2024-01-25,Headphones,4417.0,166.9159439352654,West,3,85.44451870569476,81.47142522957064
2023-12-23,Laptop,2645.0,392.1304204049608,West,6,121.89775245765246,270.2326679473083
2024-02-11,Monitor,4030.0,111.69936757804957,South,1,161.93436721859095,-50.234999640541375
2024-01-23,Mouse,3872.0,290.88955915366626,North,2,215.49064601573724,75.39891313792901
2023-12-29,Headphones,4072.0,146.8408424077569,North,1,65.1365148424181,81.7043275653388
2024-02-17,Monitor,2854.0,55.45434858975197,East,5,48.87645167664974,6.5778969131022365
2024-02-03,Laptop,5021.0,158.54065591979366,South,7,241.60038791909534,-83.05973199930168
2024-01-02,Laptop,5662.0,489.1431897095242,West,8,44.85024865657364,444.2929410529506
2024-02-01,Keyboard,7514.0,410.6917003473453,East,1,130.0529461246535,280.63875422269183
2024-02-16,Keyboard,6031.0,481.80948994446504,South,7,154.67965762245944,327.1298323220056
2024-01-07,Mouse,,269.53431976686306,North,5,144.51611680871082,125.01820295815224
2024-02-10,Monitor,8112.0,99.38128940487658,South,1,39.78739611757693,59.59389328729965
2024-02-25,Monitor,9393.0,296.58177003816184,North,3,33.11619022083245,263.4655798173294
2024-01-15,Keyboard,4507.0,254.4698005519824,South,7,44.2611883160382,210.2086122359442
2024-02-08,Monitor,7456.0,429.9606872328272,East,1,154.6851672907009,275.27551994212627
2024-01-17,Monitor,5212.0,94.13716135291006,North,7,145.19932415589386,-51.062162802983806
2024-01-08,Laptop,8970.0,269.7085116598002,East,5,73.76038216845117,195.94812949134902
2024-02-02,Keyboard,9766.0,117.52189911229291,East,1,166.68805262448606,-49.16615351219315
2024-01-24,Headphones,,196.10416710052698,North,1,208.61552547279936,-12.511358372272383
2024-02-29,Keyboard,2625.0,381.81068482450985,North,1,29.563160764716564,352.2475240597933
2024-02-27,Headphones,8973.0,264.20815821594493,West,9,134.56988701604973,129.6382711998952
2024-01-18,Laptop,9577.0,219.1497283155962,West,3,178.54139478361876,40.60833353197745
2024-01-21,Mouse,9070.0,227.51432535651588,West,5,78.03174322602803,149.48258213048786
2024-03-04,Monitor,9666.0,256.75104578269395,East,9,90.7873082174243,165.96373756526964
2024-01-15,Laptop,9609.0,403.2574447266756,East,6,161.13671768755827,242.12072703911733
2024-02-12,Monitor,7490.0,451.4381100231055,West,9,226.52511749205948,224.912992531046
2024-01-31,Mouse,4600.0,479.90060892676775,East,8,206.28261666966685,273.6179922571009
2024-01-30,Mouse,7783.0,404.1065238148828,East,8,154.1199503929042,249.9865734219786
2024-02-24,Laptop,5971.0,191.93310308660574,North,1,187.95099508416732,3.982108002438423
2024-02-21,Mouse,2205.0,359.660617738944,North,9,103.9091681477937,255.75144959115028
2024-02-11,Headphones,2990.0,246.92140582492635,East,6,167.42207146271429,79.49933436221207
2024-02-10,Mouse,6299.0,164.60177992072303,West,9,127.2217659593381,37.38001396138493
2024-01-31,Monitor,4572.0,428.39221074166517,South,3,63.68531138523901,364.70689935642616
2024-02-23,Monitor,6975.0,67.29185703304626,West,3,181.39980299176915,-114.1079459587229
2024-02-26,Monitor,7320.0,455.7928964609406,South,6,147.98686659022906,307.80602987071154
2024-02-28,Monitor,5380.0,257.6648590811304,West,9,102.48296384932603,155.18189523180433
2024-01-26,Headphones,5757.0,336.74066456372617,North,7,229.60801371808506,107.13265084564111
2024-02-02,Keyboard,3713.0,346.70926499260224,East,3,24.81484710014865,321.8944178924536
2024-03-18,Laptop,,452.80298331794137,East,3,92.62782478738409,360.17515853055727
2024-02-13,Monitor,1966.0,336.5013569752433,North,2,33.08272148885871,303.4186354863846
2024-03-10,Mouse,5944.0,326.2701131420278,South,9,196.30128273097424,129.96883041105357
2024-03-03,Monitor,4432.0,79.99341825231048,South,3,181.4847144461723,-101.49129619386181
2024-03-26,Mouse,1688.0,283.2836098753418,South,5,96.21101030935291,187.07259956598892
2024-03-25,Mouse,5243.0,117.57605036766874,North,9,175.4024675076268,-57.82641713995805
2024-03-05,Monitor,4701.0,381.84519592466853,South,8,111.06556202506846,270.77963389960007
2024-03-13,Headphones,9533.0,280.4998643657035,North,2,193.9383720271599,86.56149233854362
2024-02-16,Mouse,6182.0,356.102500643759,West,3,124.4622424294424,231.64025821431662
2024-02-07,Mouse,7704.0,68.75280527107292,West,2,114.82433740128307,-46.07153213021016
2024-03-04,Monitor,5422.0,88.15640722061144,North,8,234.98788056230921,-146.83147334169777
2024-03-17,Mouse,2759.0,372.345524628207,East,6,77.70219297486105,294.64333165334597
2024-03-22,Mouse,3482.0,82.43795119940302,West,6,47.70288819921005,34.735063000192966
2024-03-28,Monitor,9058.0,82.06552749436636,South,9,154.44491604967538,-72.37938855530902
2024-02-23,Monitor,1951.0,55.448813855699356,North,8,242.94401682536116,-187.49520296966182
2024-03-08,Laptop,9914.0,480.42562923476606,South,4,106.90301915725293,373.52261007751315
2024-03-23,Headphones,3079.0,381.8787617565531,South,4,34.26845563461975,347.6103061219334
2024-02-27,Headphones,3717.0,208.96313382592888,East,9,98.04021148120052,110.92292234472836
2024-02-24,Mouse,5524.0,183.44101157944485,South,1,136.36428049349843,47.07673108594642
2024-04-05,Headphones,9477.0,207.3664533856323,East,2,57.24229152540915,150.12416186022315
2024-02-19,Mouse,8311.0,398.59408903153184,West,2,171.36351015299317,227.23057887853867
2024-03-20,Laptop,8186.0,347.6167749816865,North,6,249.48235947234613,98.13441550934036
2024-03-29,Monitor,3065.0,133.33800554036057,South,4,123.90007947573208,9.437926064628485
2024-02-18,Monitor,1768.0,128.34920090033796,North,3,101.5875680479489,26.761632852389056
2024-03-28,Monitor,6490.0,94.27804237102879,South,3,112.16195837192733,-17.883916000898537
2024-03-22,Headphones,7645.0,347.1362238656022,North,3,46.48362103089626,300.65260283470593
2024-03-17,Laptop,6083.0,393.9676979997812,South,6,223.15292832803146,170.81476967174973
2024-03-09,Headphones,6232.0,169.27089274625183,South,8,115.40990076991095,53.860991976340884
2024-04-10,Headphones,6797.0,59.42523246391077,South,7,109.07311462771351,-49.64788216380274
2024-04-22,Laptop,5926.0,86.9772503643923,South,4,171.72876277400908,-84.75151240961678
2024-03-22,Laptop,7016.0,485.5370156802637,South,4,121.66768681415842,363.8693288661053
2024-03-20,Laptop,4335.0,182.95014986483912,South,2,169.09369782580458,13.856452039034536
2024-04-01,Laptop,9038.0,396.15041652716013,South,1,34.13264673008113,362.017769797079
2024-04-13,Monitor,5873.0,331.0986059844187,South,9,207.1563690561123,123.94223692830641
2024-04-10,Keyboard,2481.0,221.87283784380315,South,2,236.31590916226259,-14.443071318459431
2024-04-23,Keyboard,7305.0,142.55926798799982,North,8,169.21603881665877,-26.65677082865895
2024-04-09,Laptop,4451.0,104.62388817173289,East,9,239.55016363752648,-134.9262754657936
2024-03-28,Keyboard,1054.0,326.75583561749,South,4,54.82943230509156,271.9264033123984
2024-04-21,Keyboard,8643.0,398.58520128700457,East,8,129.80572358048136,268.7794777065232
2024-04-11,Laptop,4462.0,339.7569140935088,South,9,158.41554880745286,181.34136528605592
2024-03-28,Keyboard,1832.0,288.6359599621212,South,5,153.79942890687295,134.83653105524826
2024-03-28,Headphones,6954.0,68.87805054423632,North,7,112.33620919047995,-43.45815864624363
2024-03-11,Mouse,9519.0,485.8199499174727,West,4,97.75941415424012,388.06053576323256
2024-04-26,Mouse,8221.0,409.42138624455856,West,1,49.169525186596324,360.25186105796223
2024-05-07,Laptop,4310.0,181.76991651543412,North,3,110.10076362932398,71.66915288611014
2024-03-19,Monitor,4300.0,490.9866482114828,East,5,57.41198747426158,433.5746607372212
2024-03-15,Laptop,7722.0,320.84671533634497,West,3,188.90410559321023,131.94260974313474
2024-03-19,Monitor,8218.0,312.0901961932609,North,7,68.03111516375569,244.05908102950522
2024-04-05,Mouse,8776.0,386.6329307432894,North,9,33.47002021544279,353.16291052784663
2024-03-16,Laptop,4675.0,415.2964046405619,West,6,147.04421169796387,268.252192942598
2024-05-03,Headphones,4054.0,345.41537329917617,East,1,156.90283852546236,188.5125347737138
2024-04-09,Keyboard,8970.0,107.64308586479001,North,7,220.54000409451626,-112.89691822972625
2024-04-26,Monitor,3143.0,202.22037769752427,South,3,152.70577085606683,49.514606841457436
2024-05-12,Keyboard,6207.0,467.6376381467224,East,5,99.46059635639251,
2024-04-19,Keyboard,3538.0,151.07702532973337,East,4,204.6927327510537,-53.61570742132034
2024-05-06,Laptop,5547.0,217.475160726881,West,5,144.26414543310685,73.21101529377415
2024-04-21,Keyboard,,244.4345973248882,West,5,38.2344654651741,206.20013185971408
2024-05-08,Headphones,9356.0,247.73224536250348,South,6,150.14562887204673,97.58661649045675
2024-05-02,Keyboard,7612.0,325.8228121225365,North,6,228.84426544698235,96.97854667555416
2024-05-11,Laptop,6005.0,474.3841269851184,West,8,111.15190386459072,363.2322231205277
2024-05-15,Headphones,1822.0,158.31172032462723,West,8,88.15493443695402,70.15678588767321
2024-05-08,Mouse,1943.0,104.67561933541313,East,9,52.99797511414461,51.67764422126852
2024-04-30,Keyboard,7150.0,138.86172043697178,West,8,54.83247004513218,84.0292503918396
2024-05-22,Laptop,5425.0,449.1162050941713,West,2,119.53744139861834,329.57876369555294
2024-04-22,Mouse,9966.0,340.6148656948427,West,1,157.0063595571518,183.6085061376909
2024-05-18,Mouse,3198.0,178.65805515762207,West,2,38.5415431890084,140.11651196861368
2024-05-30,Monitor,5242.0,417.17612253587777,East,2,236.1007754757881,181.07534706008965
2024-04-27,Headphones,4695.0,437.6164983635462,South,3,193.68073201239505,243.93576635115116
2024-04-18,Keyboard,4452.0,430.9314524106251,South,7,154.92350120524242,276.0079512053827
2024-05-30,Laptop,2308.0,463.5169401377995,North,2,210.54089431596788,252.97604582183163
2024-05-21,Monitor,5177.0,163.50845907801272,West,1,38.44295406678606,125.06550501122666
2024-04-18,Headphones,9705.0,389.76886793582526,East,6,129.67294187861862,260.0959260572066
2024-04-21,Monitor,7852.0,257.242773773363,North,9,164.9214191781826,92.32135459518042
2024-05-04,Headphones,7035.0,428.8993488005277,North,3,210.59016840720653,218.30918039332118
2024-04-12,Headphones,4594.0,377.82080472272594,South,6,200.1979988113316,177.62280591139435
2024-04-25,Keyboard,5841.0,399.4013509248761,East,3,83.72592743408191,315.6754234907942
2024-05-10,Headphones,2409.0,345.27282695648216,East,1,236.402438998617,108.87038795786518
2024-05-25,Monitor,5566.0,129.8429462613681,East,5,48.59954352910018,81.24340273226792
2024-05-12,Headphones,5491.0,295.26211350362223,South,4,221.280732282865,73.98138122075724
2024-05-19,Keyboard,2555.0,493.1013827860287,South,7,243.31625740906227,249.78512537696642
2024-04-17,Keyboard,1804.0,471.8246299237035,South,6,60.74531034120388,411.07931958249964
2024-05-07,Monitor,2279.0,69.42818110865525,South,7,186.07519476687062,-116.64701365821537
2024-06-04,Mouse,8083.0,124.1666670782467,South,5,29.265669318939647,94.90099775930706
2024-05-09,Mouse,6986.0,109.27794805455287,West,4,113.24724978200564,-3.9693017274527733
2024-06-07,Headphones,6619.0,376.690959493383,West,7,138.745158815465,237.945800677918
2024-06-15,Laptop,2387.0,418.0033984356253,East,7,153.54840195921585,264.4549964764094
2024-06-09,Headphones,3679.0,146.08011483980238,North,6,235.26556709716868,-89.18545225736631
2024-06-15,Monitor,3106.0,277.63371182832304,East,8,174.61765807766477,103.01605375065827
2024-06-21,Monitor,9173.0,428.31636260504,North,4,130.69392878042453,297.6224338246155
2024-06-11,Monitor,5223.0,379.76069514481276,South,5,206.22525834115456,173.5354368036582
2024-05-06,Monitor,5831.0,294.00674247133173,North,4,238.62254881951407,55.38419365181767
2024-06-19,Monitor,3768.0,315.6564607064478,East,1,25.075214196926893,290.5812465095209
2024-05-17,Keyboard,4186.0,278.762246112326,East,8,245.9798926188889,32.782353493437114
2024-06-22,Mouse,3573.0,183.89680309346926,North,1,39.81039198464647,144.0864111088228
2024-05-02,Monitor,3599.0,304.25989678655725,West,5,207.30895923181512,96.95093755474213
2024-05-30,Laptop,5033.0,359.9983859225408,South,6,84.47699308682488,275.5213928357159
2024-06-13,Laptop,9428.0,442.99531213736344,South,6,50.4013212833905,392.59399085397297
2024-06-01,Laptop,2304.0,336.33110929066163,East,5,121.16679713418203,215.16431215647958
2024-06-29,Laptop,8368.0,392.5046916694211,West,3,168.1100132729511,224.39467839647
2024-05-26,Keyboard,6877.0,122.03223572955785,North,5,107.61892435539926,14.413311374158596
2024-06-27,Laptop,2301.0,257.70086348890544,South,8,32.55004390502076,225.1508195838847
2024-06-27,Monitor,3541.0,54.199228922191985,West,2,157.87606212150482,-103.67683319931282
2024-05-26,Headphones,3051.0,161.00548903473037,South,6,227.5527535054552,-66.54726447072483
2024-05-22,Laptop,7809.0,376.9077718008522,West,9,108.1395341678679,268.76823763298427
2024-05-31,Keyboard,9633.0,496.3144781072136,West,8,69.75653885509021,426.55793925212333
2024-06-06,Keyboard,9996.0,94.63014481424716,East,8,121.79278956454753,-27.162644750300373
2024-05-26,Laptop,1074.0,230.6724421375797,South,8,31.1234235412196,199.5490185963601
2024-06-17,Headphones,7981.0,410.0319359146218,North,7,208.7121444304632,201.31979148415857
2024-06-02,Laptop,6475.0,141.81603558300446,East,8,210.05838651854296,-68.2423509355385
2024-05-28,Keyboard,9232.0,299.78822718602885,East,6,155.24010658881454,144.5481205972143
2024-05-31,Mouse,8184.0,379.88208321335367,North,2,101.21366445582959,278.6684187575241
2024-07-04,Monitor,6796.0,327.19345261708054,East,2,203.95017382253016,123.24327879455038
2024-06-22,Keyboard,8141.0,134.61113057693726,West,8,147.57801570132443,-12.966885124387176
2024-05-30,Laptop,2622.0,209.92305590858274,West,1,209.96443096650373,-0.0413750579209875
2024-06-06,Monitor,9041.0,402.70630301842874,South,6,165.23552229409475,237.470780724334
2024-06-18,Laptop,1341.0,299.4019313594075,South,6,200.4132588389434,98.98867252046412
2024-07-04,Laptop,3074.0,52.35332609431073,North,4,157.6694884400848,-105.31616234577406
2024-06-08,Mouse,8992.0,392.44584201264223,South,3,115.25244568960323,277.193396323039
2024-06-05,Monitor,1645.0,65.89010972310759,West,3,240.32754778301165,-174.43743805990408
2024-06-28,Monitor,5263.0,385.58020222905446,North,1,144.4561797221343,241.12402250692017
2024-06-29,Mouse,9801.0,141.11625207435685,North,3,159.17058926432384,-18.054337189966986
2024-06-14,Keyboard,7136.0,481.1330660537211,South,4,70.71215706539232,410.4209089883288
2024-07-17,Laptop,9646.0,215.57333808593802,West,5,163.8996815682736,51.673656517664426
2024-06-15,Headphones,3969.0,197.1192273521356,North,3,151.4697593810771,45.6494679710585
2024-07-12,Laptop,4028.0,116.9996226496001,West,6,62.512831527815734,54.486791121784364
2024-07-12,Laptop,8643.0,187.52189697059669,West,5,33.70503239122306,153.81686457937363
2024-06-06,Keyboard,3681.0,444.49284282269025,West,3,159.00264353439735,285.4901992882929
2024-07-27,Laptop,4629.0,498.3504519322613,South,6,195.64922195057372,302.70122998168756
2024-07-15,Mouse,5225.0,215.73928872808176,East,6,140.3823153120619,75.35697341601985
2024-07-25,Mouse,4067.0,251.87478392954415,East,8,72.15770382351852,179.71708010602563
2024-06-07,Monitor,6941.0,374.93192219123165,North,2,173.30005463939804,201.6318675518336
2024-08-02,Headphones,2386.0,448.7881012092835,West,1,38.424317120208514,410.363784089075
2024-07-09,Laptop,,316.86995038405286,South,4,121.62175210444956,195.2481982796033
2024-06-08,Laptop,5788.0,226.1865641800232,West,7,57.57435443163664,168.61220974838656
2024-06-12,Keyboard,6490.0,235.6798283818807,West,3,62.42558174377317,173.25424663810753
2024-08-02,Mouse,5124.0,363.0281659235631,South,3,66.52760830638684,296.50055761717624
2024-06-19,Headphones,9340.0,51.448218621925406,East,5,108.94262312011492,-57.49440449818951
2024-07-12,Monitor,4850.0,328.8152018569283,West,5,31.764547292691454,297.0506545642368
2024-07-23,Mouse,6415.0,209.97185469861083,West,3,111.49249141369258,98.47936328491825
2024-07-23,Monitor,8679.0,407.38879907468794,East,9,137.6927128363812,269.69608623830675
2024-06-26,Keyboard,7819.0,91.84578792040946,South,4,131.1576855422548,-39.31189762184533
2024-07-23,Keyboard,9378.0,314.69102012677575,North,3,108.04034309269933,206.6506770340764
2024-06-20,Laptop,2333.0,266.4378004487557,East,2,213.00371985627308,53.434080592482616
2024-08-13,Headphones,5150.0,339.0464866573523,North,9,53.425139256715944,285.62134740063635
2024-06-27,Monitor,7766.0,79.18411751733575,North,4,136.310251069716,-57.12613355238025
2024-06-28,Mouse,3711.0,310.99270434265907,East,3,34.26952590000749,276.7231784426516
2024-07-27,Keyboard,5853.0,302.66806458178564,West,7,36.365806141919236,266.3022584398664
2024-07-17,Laptop,7212.0,302.29704248727694,North,8,151.98914542573215,150.3078970615448
2024-08-20,Laptop,8479.0,321.5694499684047,North,2,150.18423772419882,171.38521224420586
2024-08-12,Monitor,6408.0,354.410571751863,South,7,221.9477079542251,132.4628637976379
2024-07-14,Keyboard,8715.0,412.2450498563464,West,5,148.31094540181684,263.9341044545296
2024-07-02,Headphones,9942.0,171.41932405769646,North,5,240.75193469311554,-69.33261063541909
2024-06-26,Keyboard,2762.0,421.27223458102793,South,3,31.199815131983847,390.0724194490441
2024-07-24,Monitor,8101.0,274.21505701855415,West,5,42.54176749957044,231.67328951898372
2024-08-15,Monitor,8674.0,84.67622561044902,East,2,30.135148161187722,54.5410774492613
2024-08-06,Keyboard,7122.0,76.34791815979064,East,4,62.61367557671421,13.73424258307643
2024-07-13,Monitor,1481.0,200.40724341322735,South,6,144.49212551658596,55.91511789664139
2024-07-21,Keyboard,1153.0,403.2036397001604,East,1,168.48160172830845,234.72203797185196
2024-07-31,Mouse,8617.0,368.4564206334121,North,4,30.484586328193824,337.9718343052183
2024-07-23,Keyboard,2524.0,404.8767341025829,West,6,237.57330466448784,167.30342943809504
2024-08-21,Keyboard,3120.0,282.7710753987242,North,9,213.69803662958765,69.07303876913653
2024-07-13,Monitor,3343.0,248.08954907997074,North,2,88.22087089613142,159.86867818383934
2024-07-22,Monitor,6136.0,116.35363701782778,East,7,37.75313195208763,78.60050506574015
2024-07-11,Laptop,6760.0,197.6867391241902,North,6,59.07402684038317,138.61271228380704
2024-09-03,Laptop,2240.0,245.30871477824388,East,2,49.19721516364372,196.11149961460018
2024-09-03,Mouse,1060.0,89.87019335582775,West,8,48.35526923875777,41.51492411706998
2024-08-09,Laptop,2639.0,149.27537872004507,West,7,139.2691883931188,10.006190326926259
2024-08-31,Keyboard,7185.0,319.2013823286825,North,5,76.54491177348207,242.65647055520043
2024-08-20,Monitor,8970.0,381.0484014076354,South,5,102.37213480170323,278.6762666059322
2024-08-19,Laptop,2252.0,499.2563801268273,East,7,247.58622667839415,251.67015344843315
2024-08-25,Laptop,5203.0,469.90099910460094,East,9,177.3922772528293,292.5087218517716
2024-08-02,Mouse,9363.0,339.1543397908362,North,9,238.2655534208103,100.88878637002591
2024-08-20,Mouse,4549.0,239.5616239823324,East,9,52.78800765761659,186.77361632471582
2024-09-04,Keyboard,5197.0,336.27981411870473,East,6,107.89207921149094,228.3877349072138
2024-08-19,Monitor,8009.0,403.5432281361044,South,6,147.58831475494148,255.95491338116292
2024-07-31,Mouse,7667.0,103.25128591552429,South,3,37.654354234409745,65.59693168111454
2024-08-02,Laptop,3322.0,234.45720036332972,North,1,20.96311203443031,213.4940883288994
2024-09-14,Monitor,5090.0,427.91102853602774,South,7,174.19989677329104,253.7111317627367
2024-08-23,Monitor,7960.0,222.7248283698698,North,4,167.61848886433012,55.106339505539694
2024-08-20,Laptop,4004.0,307.34252205223396,West,1,114.48142629991071,192.86109575232325
2024-09-04,Mouse,6136.0,314.4962123879892,North,8,132.6181374873675,181.8780749006217
2024-09-11,Laptop,1329.0,133.01431391013773,West,6,115.5518901361806,17.462423773957127
2024-08-30,Monitor,4640.0,213.00594874352979,North,6,25.521160314324437,187.48478842920534
2024-09-22,Headphones,8982.0,200.53007993386947,East,2,97.13546943001636,103.39461050385312
2024-09-09,Headphones,5107.0,61.78851883942916,South,1,60.72891874137666,1.059600098052499
2024-08-07,Keyboard,2341.0,60.88629375110986,West,2,42.637563493314815,18.248730257795046
2024-08-29,Laptop,9407.0,424.26366965409807,North,4,240.04569979455044,184.21796985954762
2024-08-05,Laptop,1338.0,172.8818644877656,South,2,157.8527367596981,15.029127728067493
2024-09-26,Keyboard,6895.0,283.1354448074669,North,1,187.59094537441862,95.54449943304829
2024-08-02,Keyboard,3708.0,184.42650811494786,South,7,92.53366095120703,91.89284716374084
2024-08-09,Keyboard,2750.0,473.30566030190323,South,8,110.42383978362349,362.8818205182797
2024-09-30,Monitor,6604.0,166.68354148959818,North,6,74.4925185962464,92.19102289335179
2024-08-31,Laptop,3421.0,243.34556573252078,West,4,42.30210432204769,201.0434614104731
2024-08-26,Monitor,8119.0,442.72861271807085,West,6,61.177276611564274,381.5513361065066
2024-09-03,Keyboard,9901.0,428.8701050563139,East,3,203.42823041819173,225.44187463812216
2024-08-23,Laptop,6319.0,133.7456380308248,South,8,175.83553519226845,-42.089897161443645
2024-10-03,Monitor,7609.0,411.1894894080697,East,2,145.79364147665967,265.39584793141
2024-09-24,Monitor,6387.0,256.1840990320517,East,5,129.27067075935668,126.913428272695
2024-09-02,Keyboard,4993.0,267.33599243840985,North,1,232.15988524090864,35.17610719750121
2024-10-02,Laptop,9680.0,110.0659875871747,North,6,36.72903798909373,73.33694959808096
2024-09-01,Keyboard,9044.0,86.27068119070609,North,2,84.53818704472067,1.732494145985413
2024-09-20,Laptop,9238.0,377.57268813819434,South,4,100.48570632126423,277.0869818169301
2024-10-07,Headphones,5873.0,273.4075185598849,North,6,199.9579368089412,73.44958175094371
2024-09-09,Mouse,5806.0,246.5828161768308,North,8,248.2783626372534,-1.6955464604226052
2024-09-13,Mouse,9592.0,378.27870289357855,South,8,75.3542183941452,302.92448449943333
2024-08-22,Mouse,6913.0,394.4808045459994,South,6,221.09068685152855,173.39011769447083
2024-10-13,Keyboard,8124.0,121.5086754512091,West,4,211.04323489931198,-89.53455944810288
2024-09-09,Headphones,4157.0,324.6013172649386,North,8,71.67120145760632,252.93011580733227
2024-09-07,Laptop,1390.0,110.90933702495849,North,8,111.8464934458212,-0.9371564208627063
2024-10-07,Monitor,5430.0,388.11878871307056,North,1,114.2247599372794,273.8940287757912
2024-08-28,Laptop,9820.0,345.6298203202128,West,4,244.9907537611084,100.63906655910438
2024-10-19,Monitor,8686.0,480.4765794875561,North,4,61.605137317146614,418.87144217040947
2024-09-22,Laptop,5232.0,81.03110736038953,West,7,203.80633335409988,-122.77522599371035
2024-09-13,Headphones,9007.0,75.67462451806445,East,7,96.86432425981528,-21.18969974175083
2024-09-28,Monitor,2521.0,176.98418361194007,West,8,188.1001795285169,-11.115995916576821
2024-08-28,Keyboard,2500.0,167.76755768115768,East,5,116.60253098800246,51.16502669315523
2024-10-12,Laptop,7737.0,161.1404595823999,North,7,153.0227455168042,8.117714065595692
2024-09-01,Laptop,4294.0,457.8145612344665,East,8,211.50070786501016,246.31385336945635
2024-10-11,Monitor,6085.0,162.29578993227773,West,9,204.95807994629334,-42.66229001401561
2024-09-21,Keyboard,3419.0,172.37737675788395,South,3,219.27733221413104,-46.899955456247085
2024-10-06,Keyboard,,391.72921808808366,East,3,33.71198482927157,358.0172332588121
2024-10-13,Headphones,5497.0,252.382929102743,East,4,179.1716271991413,73.21130190360168
2024-10-13,Keyboard,2466.0,399.51975062983155,North,5,52.19709664600546,347.32265398382606
2024-09-07,Keyboard,4561.0,79.41477090397336,West,1,115.63827064423452,-36.22349974026116
2024-09-30,Keyboard,1614.0,269.40703715302294,East,7,146.17533546257835,123.2317016904446
2024-10-21,Mouse,6392.0,65.12612008247719,East,9,112.63008149177107,-47.50396140929388
2024-10-15,Headphones,8693.0,78.19394155490954,East,8,139.5106854346917,-61.316743879782166
2024-10-23,Laptop,4223.0,457.8968540049849,East,5,249.2010510236824,208.6958029813025
2024-11-03,Monitor,8138.0,112.66041700291782,South,4,51.09998215395659,61.560434848961236
2024-09-30,Laptop,3667.0,289.5893070238477,West,7,175.35489042737788,114.23441659646983
2024-11-02,Headphones,8980.0,234.99302117031795,North,5,111.0802222686915,123.91279890162645
2024-10-26,Monitor,1130.0,206.3044968164792,North,7,50.59225374868562,155.71224306779357
2024-10-28,Headphones,3983.0,454.9250055592726,South,1,56.50945557609119,398.41554998318145
2024-10-18,Keyboard,5278.0,59.82052854897027,West,1,238.33281443649187,-178.5122858875216
2024-10-06,Monitor,8126.0,348.7053587790151,East,3,222.30834424370528,126.39701453530984
2024-11-11,Keyboard,9230.0,483.52749539609766,South,2,228.619650895455,254.90784450064265
2024-11-11,Laptop,8694.0,302.0756825578289,West,2,248.0525384402989,54.023144117529995
2024-11-05,Laptop,7640.0,471.5701079148913,East,7,67.91253970195913,403.6575682129322
2024-10-12,Monitor,6468.0,73.5160456787107,South,2,101.7510475937342,-28.235001915023503
2024-09-26,Monitor,1920.0,238.45699358337262,West,4,173.92037688271935,64.53661670065327
2024-11-11,Headphones,8564.0,167.07100593292301,North,2,131.2745841679489,35.79642176497413
2024-11-14,Headphones,9684.0,378.8694342413284,North,6,116.22959267701671,262.6398415643117
2024-10-06,Keyboard,9502.0,491.583690723761,West,8,102.2965873471864,389.2871033765746
2024-11-12,Monitor,9930.0,165.4385280999115,North,4,156.569545346994,8.868982752917503
2024-10-18,Laptop,4241.0,344.3785706633335,West,5,152.38648858721885,191.99208207611466
2024-10-05,Headphones,1545.0,139.14393474188307,East,4,57.13530183477522,82.00863290710785
2024-10-14,Headphones,5346.0,304.39861455722445,West,3,128.500162629241,175.89845192798344
2024-09-30,Laptop,4810.0,258.7696190097513,East,5,147.29850852826547,111.47111048148582
2024-10-18,Headphones,8206.0,487.4023983341917,South,9,151.1659959082198,336.23640242597185
2024-10-19,Keyboard,3032.0,323.83727271340996,West,8,68.32465436984091,255.51261834356905
2024-11-26,Monitor,9436.0,207.27786743906844,South,8,190.72242021802595,16.5554472210425
2024-10-09,Laptop,1271.0,101.34310319957001,North,8,25.795791808846015,
2024-11-26,Monitor,4511.0,118.06107293072056,East,8,101.6113267749274,16.44974615579315
2024-11-15,Headphones,2771.0,151.3926184780558,West,7,199.4489091631957,-48.05629068513991
2024-11-16,Headphones,,162.9349976031341,South,8,149.69537184274253,13.239625760391561
2024-12-04,Laptop,8069.0,432.777226028512,East,8,80.06735947749786,352.70986655101416
2024-10-27,Keyboard,1920.0,302.55025472713623,East,8,179.83921744890097,122.71103727823527
2024-10-17,Mouse,9190.0,285.52591011846494,North,7,150.49991715589687,135.02599296256807
2024-10-26,Laptop,4430.0,101.64599234114786,North,1,203.13603017496905,-101.49003783382119
2024-11-06,Mouse,5435.0,437.0628620072457,East,4,189.05579282365937,248.00706918358634
2024-11-27,Mouse,4760.0,375.26643644381767,East,4,160.32482206833396,214.9416143754837
2024-10-14,Keyboard,3050.0,80.4507628550007,West,5,132.28086532148723,-51.83010246648652
2024-11-18,Mouse,2165.0,368.52579375339593,East,6,50.63188890353038,317.8939048498655
2024-11-02,Mouse,9567.0,294.59219780419073,West,4,80.10659411363827,214.48560369055247
2024-11-01,Keyboard,3033.0,86.77640558605022,East,2,116.39287877092961,-29.616473184879396
2024-10-21,Mouse,7467.0,256.2352886878954,North,6,157.8388360114694,98.39645267642598
2024-11-25,Mouse,1145.0,268.1133292085211,West,8,138.1528066995201,129.960522509001
2024-11-05,Mouse,5388.0,124.59854307347409,South,8,86.28244097069178,38.31610210278231
2024-12-11,Laptop,8832.0,475.56416615012705,North,7,21.486802291633428,454.07736385849364
2024-12-13,Laptop,9623.0,432.4889171662979,West,6,134.1350210371872,
2024-12-19,Laptop,9896.0,351.06005179809875,West,2,85.6939773693159,265.36607442878284
2024-10-29,Keyboard,9173.0,258.0330024502732,South,7,188.95990916342308,69.07309328685014
2024-11-09,Headphones,3632.0,235.29449371302883,West,5,25.507641012211202,209.78685270081763
2024-12-02,Mouse,5494.0,342.9380602179294,East,6,154.5103966003319,188.4276636175975
2024-11-30,Mouse,9056.0,295.4443412331075,South,8,236.53907462639503,58.905266606712445
2024-12-05,Keyboard,8511.0,78.02289764684852,North,8,60.114131435644886,17.908766211203634
2024-12-11,Mouse,2828.0,280.62619194664927,North,3,128.47938287263693,152.14680907401234
2024-11-01,Laptop,,412.88162775477775,East,7,41.02705811794178,371.854569636836
2024-12-06,Headphones,1806.0,256.65794491863113,North,1,163.9068398201111,92.75110509852004
2024-11-24,Monitor,8486.0,73.38045989942079,West,1,146.62228653713188,-73.2418266377111
2024-11-05,Mouse,9202.0,403.8251897228149,West,7,113.69407056895143,290.1311191538635
2024-12-01,Laptop,2868.0,140.61370196118847,East,9,139.91671493896047,0.6969870222280008
2024-11-14,Monitor,8878.0,166.37937569961747,North,7,226.21217144787235,-59.83279574825488
2024-11-07,Headphones,6690.0,124.11785904453315,North,5,65.14768953154541,58.97016951298774
2024-11-28,Monitor,8827.0,198.5967791921739,East,8,25.189837692229865,173.40694149994403
2024-12-04,Laptop,6429.0,390.53817755988575,South,2,218.18292348079322,172.35525407909253
2024-11-15,Monitor,4564.0,283.7236367767718,North,9,152.73692894921848,130.98670782755332
2024-11-11,Keyboard,2389.0,142.19657336782063,South,6,224.85144475622374,-82.65487138840311
2024-12-29,Monitor,8274.0,445.0235351684184,North,9,157.2974013850297,287.7261337833887
2024-12-03,Mouse,1824.0,445.81183472818816,North,2,206.33705069073156,239.4747840374566
2024-11-24,Mouse,3265.0,441.76029127070314,North,3,118.82487357168402,322.9354176990191
2024-11-16,Keyboard,1936.0,157.4582951216927,North,8,192.4677841963018,-35.00948907460912
2024-11-30,Laptop,7402.0,253.05770488144464,West,1,229.99953738466687,23.05816749677777
2024-12-25,Mouse,4845.0,493.2453452633938,South,7,151.58828165610745,341.6570636072863
2025-01-10,Headphones,2796.0,397.4056143394957,South,7,61.58058462934729,335.8250297101484
2024-12-04,Mouse,9245.0,62.22533955150192,North,1,81.82345145694558,-19.59811190544366
2024-11-28,Mouse,8214.0,79.34206606722142,North,9,65.68825268640333,13.653813380818093
2024-12-05,Laptop,1726.0,258.7691195655498,South,8,76.77711634701856,181.9920032185312
2024-12-05,Monitor,3736.0,459.1490926377021,West,4,90.47555335073837,368.6735392869637
2024-12-19,Mouse,2913.0,292.4158090787214,East,5,147.68077095323335,144.73503812548805
2024-12-14,Keyboard,8657.0,274.0156286154306,East,2,155.23807477668154,118.77755383874907
2024-12-02,Monitor,3466.0,97.46316498048375,South,9,118.09494186562806,-20.631776885144305
2024-12-27,Headphones,8312.0,345.5510471259323,North,6,161.54677935879215,184.00426776714016
2024-12-16,Laptop,9194.0,419.9464222701015,North,3,38.76223289061416,381.18418937948735
2024-12-11,Headphones,8906.0,221.18900337840304,West,7,40.1912945233768,180.99770885502625
2024-11-26,Monitor,5876.0,399.02533291639736,East,9,59.52077588226145,339.5045570341359
2024-12-11,Monitor,8287.0,484.0144942553652,West,3,139.1578245492793,344.8566697060859
2024-12-29,Monitor,1892.0,141.6949066074601,East,2,69.21877610061212,72.47613050684798
2025-01-27,Headphones,5675.0,285.4983340376336,South,7,85.15541280329279,200.3429212343408
2024-12-08,Monitor,2933.0,179.212081138059,East,7,112.07195231978864,67.14012881827037
2024-12-15,Headphones,2380.0,406.7844885652277,West,4,206.72920852238735,200.05528004284037
2024-12-29,Monitor,2290.0,309.9170146465209,West,9,23.18829125995783,286.72872338656305
2024-12-26,Keyboard,2640.0,335.5620878976367,West,8,169.35712865442315,166.20495924321352
2025-02-01,Monitor,8490.0,409.06137182715236,South,1,173.84160213935763,235.21976968779472
2025-01-08,Headphones,2218.0,228.18671269810469,East,1,203.6908294820264,24.495883216078283
2024-12-27,Mouse,6016.0,461.79053078316946,East,5,234.53317598387204,227.25735479929742
2025-01-02,Monitor,7881.0,289.862990260763,West,6,24.63170525833666,
2024-12-26,Mouse,1954.0,121.07967027590661,East,3,55.37025226803972,65.70941800786689
2025-01-22,Keyboard,8291.0,363.1546031759611,North,9,223.8193976328784,139.33520554308268
2024-12-21,Laptop,1974.0,406.9676076972145,North,6,125.45926930301353,281.50833839420096
2024-12-30,Keyboard,5133.0,192.542754680387,North,4,149.8558469546966,42.68690772569039
2024-12-12,Monitor,6370.0,435.73066564943883,East,7,172.4962568563239,263.23440879311494
2025-01-02,Mouse,4972.0,457.7644646445949,South,8,176.1853190339966,281.5791456105983
2025-01-31,Mouse,6295.0,174.60701932001402,South,9,234.3002927627969,-59.69327344278287
2025-01-28,Headphones,9228.0,492.58466272184995,South,6,249.29836600468403,243.28629671716592
2024-12-16,Mouse,4020.0,113.32018762194129,South,6,185.63621601411626,-72.31602839217497
2024-12-26,Headphones,9987.0,140.9070507811205,North,8,86.06087811718469,54.8461726639358
2025-02-02,Laptop,5036.0,132.90117765711176,North,5,222.34305252769903,-89.44187487058727
2025-02-15,Monitor,6068.0,452.2953695035417,West,3,31.320810344375168,420.9745591591665
2025-02-16,Headphones,6233.0,344.43164854623285,East,3,73.14859616113412,271.2830523850987
2025-01-21,Laptop,1317.0,118.4469274500228,East,6,226.39871501665442,-107.95178756663162
2025-01-29,Mouse,3396.0,248.14553826575704,South,2,78.92404832105163,169.2214899447054
2025-02-20,Mouse,3162.0,326.8841112814109,North,6,70.74974371300215,256.1343675684088
2025-01-14,Laptop,3745.0,87.55883824522249,South,6,51.768817422256866,35.79002082296562
2025-01-11,Mouse,2591.0,447.0873657833024,West,8,217.5957042587908,229.4916615245116
2025-02-11,Laptop,7183.0,411.6215909486908,East,7,135.01339961394996,276.60819133474087
2025-02-10,Headphones,4930.0,277.3430481094872,East,8,175.2254367024556,102.1176114070316
2025-01-28,Headphones,2312.0,485.2069768666267,South,9,74.98526833725683,410.22170852936983
2025-01-24,Laptop,5311.0,237.99244067379487,West,6,194.3492968325798,43.64314384121508
2025-01-26,Headphones,8314.0,492.849643566424,East,3,194.80127534128266,298.0483682251413
2025-01-17,Headphones,3383.0,350.5639994616322,West,3,91.89754572890904,258.66645373272314
2025-02-28,Headphones,4239.0,335.60207296427365,West,1,114.45700559236505,221.1450673719086
2025-02-09,Keyboard,3139.0,124.67970288310325,South,5,68.2287638089462,56.45093907415705
2025-02-20,Monitor,2704.0,446.8674912370898,North,4,244.60903536426798,202.2584558728218
2025-02-01,Mouse,7924.0,242.3703595642768,South,9,168.48859272343466,73.88176684084215
2025-01-22,Keyboard,1362.0,123.0050326021157,North,9,234.94509256456857,-111.94005996245286
2025-02-18,Headphones,3604.0,55.67338398909157,West,5,89.77867503470063,-34.10529104560906
2025-01-14,Laptop,5286.0,301.89005763727215,North,4,199.83490998928463,102.05514764798752
2025-03-02,Headphones,4738.0,287.32982995520433,West,7,196.14748809349067,91.18234186171367
2025-02-08,Monitor,3469.0,373.70913006612136,East,6,179.08079992930456,194.6283301368168
2025-02-12,Headphones,5795.0,450.61612385801095,East,4,242.0969643113641,208.51915954664685
2025-01-17,Laptop,7150.0,85.73296308936328,East,2,110.51772730445258,-24.784764215089297
2025-02-16,Monitor,1556.0,379.1734206531631,South,1,50.06498442564418,329.1084362275189
2025-01-30,Headphones,3808.0,134.335374843912,South,4,174.49303762613397,-40.15766278222196
2025-03-14,Monitor,6150.0,436.1796739207238,West,4,187.74125410975742,248.4384198109664
2025-02-21,Mouse,8561.0,418.57858123774525,East,1,152.26393189552738,266.3146493422179
2025-03-15,Mouse,3719.0,293.357189743495,South,6,67.56811542068114,225.78907432281386
2025-01-25,Headphones,7506.0,369.6092593804902,East,4,136.02486658395173,233.58439279653845
2025-03-17,Monitor,4741.0,191.4575509326868,South,1,91.80363941089976,99.65391152178702
2025-01-27,Laptop,4998.0,262.0255545197666,North,1,118.31730147833848,143.70825304142812
2025-03-06,Headphones,3403.0,419.73660396971223,North,1,168.4002724442727,251.33633152543953
2025-01-28,Mouse,9780.0,256.6693387279463,East,8,191.39939081889193,65.26994790905437
2025-03-13,Mouse,1294.0,211.0092193964488,West,8,73.41167890730893,137.59754048913987
2025-02-26,Headphones,6343.0,272.39560126263495,South,2,113.22483294879927,159.17076831383568
2025-02-10,Monitor,2136.0,422.71216359674827,South,7,81.90716132807472,340.80500226867355
2025-01-29,Mouse,3064.0,200.84362131689272,North,8,65.6852711882299,135.15835012866282
2025-02-08,Monitor,8009.0,128.1927169110847,North,8,200.17906059904283,-71.98634368795814
2025-02-23,Mouse,5543.0,370.40630914885134,West,7,229.12811972050827,141.27818942834307
2025-02-26,Mouse,2007.0,421.6901957186368,West,5,105.15340270745264,316.53679301118416
2025-02-01,Keyboard,6445.0,95.28686533559,West,1,192.7941526059664,-97.5072872703764
2025-03-09,Mouse,6352.0,157.9433507401751,East,9,226.30891655381456,-68.36556581363945
2025-02-19,Laptop,2435.0,113.88739539244725,North,7,214.60856842195327,-100.72117302950602
2025-02-25,Headphones,1571.0,206.573635211975,East,2,62.04707936402196,144.52655584795303
2025-03-01,Headphones,3382.0,252.65794050743568,North,6,239.9471327480731,12.71080775936258
2025-02-14,Monitor,6084.0,386.9718516334879,North,2,106.63558129877637,280.33627033471157
2025-02-05,Mouse,1277.0,343.0164131967534,South,1,98.02535206998236,244.991061126771
2025-03-19,Laptop,8059.0,329.41785536529403,North,7,34.35920527388948,295.05865009140456
2025-02-19,Monitor,2887.0,208.5687259743445,North,2,131.8199404441231,76.7487855302214
2025-02-28,Keyboard,2265.0,428.65139888814196,East,2,45.07313159741361,383.5782672907284
2025-03-10,Monitor,8491.0,262.07922532917405,North,5,77.16415881330798,184.91506651586607
2025-03-03,Monitor,2040.0,490.5972221068195,East,5,92.89680300647471,397.7004191003448
2025-03-29,Mouse,9073.0,335.36396223308157,West,7,206.03005440308732,129.33390782999425
2025-03-02,Keyboard,3752.0,106.81913370402623,North,1,221.3623895910562,-114.54325588702997
2025-03-21,Monitor,,354.2799029339453,North,8,89.56725301613803,264.7126499178073
2025-04-08,Laptop,5569.0,196.29680694426455,East,3,217.50056788625199,-21.20376094198744
2025-02-17,Laptop,7353.0,358.8472385087438,West,4,217.16311559505195,141.68412291369188
2025-03-01,Headphones,3353.0,81.33851667308258,South,9,195.8697185885209,-114.53120191543832
2025-03-11,Keyboard,8437.0,128.69664672918174,West,4,53.739876223491756,74.95677050568997
2025-03-13,Keyboard,5799.0,435.08176650760385,East,5,178.77425478716768,256.3075117204362
2025-02-18,Headphones,1686.0,152.2308006605817,West,7,237.35553485353083,-85.12473419294912
2025-02-25,Monitor,9476.0,426.66850635932303,East,4,176.98431011644612,249.6841962428769
2025-04-17,Keyboard,5811.0,175.6742398044847,East,1,96.27187529480182,79.40236450968288
2025-03-23,Laptop,9954.0,339.2968595264184,South,9,135.1332430090912,204.16361651732723
2025-03-05,Laptop,6346.0,362.36775807942394,North,4,168.51675997074233,193.8509981086816
2025-04-05,Mouse,6043.0,280.6946389152738,East,9,137.4311940075558,143.263444907718
2025-02-28,Keyboard,3428.0,187.38980451352907,East,6,47.58917659812306,139.800627915406
2025-04-09,Monitor,6126.0,145.68996936699324,South,1,91.77473026996475,53.91523909702849
2025-04-16,Headphones,9220.0,64.9352095530918,East,3,204.55108702733548,-139.6158774742437
2025-04-09,Headphones,8813.0,186.77588055832572,North,2,218.12615060196902,-31.35027004364329
2025-04-06,Monitor,4356.0,343.9232557390774,South,9,51.57900752458116,292.34424821449625
2025-04-29,Mouse,9707.0,472.2371683018172,North,1,239.04895305170666,233.18821525011052
2025-03-13,Headphones,8266.0,442.04201701837343,North,9,95.62920210518014,346.4128149131933
2025-04-10,Keyboard,7540.0,394.72914944088615,South,9,172.3321599080656,222.39698953282056
2025-03-21,Mouse,1038.0,404.8013044639844,East,8,192.91978357003666,211.88152089394777
2025-03-06,Keyboard,4342.0,349.24320656419786,North,8,206.74763396671318,142.49557259748468
2025-03-15,Laptop,3844.0,167.12908590470136,North,1,237.52243151196393,-70.39334560726257
2025-03-21,Mouse,2098.0,458.23776381762343,North,8,91.9714960466292,366.2662677709942
2025-04-06,Headphones,8027.0,351.8295403576253,North,3,217.45648454685752,134.3730558107678
2025-04-21,Mouse,2823.0,302.198283941198,South,7,50.28798779032762,251.91029615087035
2025-05-06,Mouse,4155.0,99.94526114606649,South,1,182.15940846132634,-82.21414731525985
2025-03-27,Mouse,4093.0,251.17499471289145,West,1,190.65487778821677,60.52011692467468
2025-03-15,Mouse,6658.0,257.16122204086685,West,5,175.8763454763037,81.28487656456315
2025-03-19,Keyboard,4778.0,439.05362428520147,North,5,78.03238931108518,361.0212349741163
2025-04-23,Laptop,3896.0,295.99169908450483,East,8,220.79992381349678,75.19177527100805
2025-04-14,Monitor,1988.0,221.18024703668434,North,7,58.83744657519085,162.34280046149348
2025-05-05,Mouse,5116.0,489.5601478297967,East,8,32.33600204979109,457.2241457800056
2025-05-15,Headphones,7446.0,99.82426699684206,North,6,185.0169478407398,-85.19268084389773
2025-05-15,Mouse,5179.0,240.14679274037508,West,6,129.35941450352874,110.78737823684634
2025-05-12,Headphones,2682.0,68.91110382713238,West,2,215.29254459049548,-146.38144076336312
2025-04-27,Keyboard,6626.0,382.95685434511864,East,6,108.18134244339956,274.7755119017191
2025-05-14,Headphones,8424.0,463.1344484896178,North,5,58.70407535677395,404.43037313284384
2025-04-24,Monitor,1933.0,176.01679829772024,East,3,212.38170426807002,-36.36490597034978
2025-03-28,Laptop,4598.0,436.2537545596044,West,6,146.24921527721648,290.0045392823879
2025-05-12,Headphones,2980.0,181.498203707854,North,8,63.515032249781626,117.98317145807238
2025-05-01,Headphones,4056.0,459.8465727397618,North,9,185.68831967488254,274.1582530648793
2025-05-09,Laptop,9984.0,389.2828566185528,East,1,137.55613685258513,251.72671976596766
2025-05-23,Monitor,1791.0,412.2080495786474,South,3,158.99198591527355,253.21606366337383
2025-05-17,Mouse,6390.0,58.102950020204524,East,3,126.00661778751383,-67.90366776730932
2025-05-01,Headphones,7635.0,483.26466068331166,West,8,210.60306627814148,272.66159440517015
2025-05-12,Laptop,3255.0,377.0019464316455,West,1,210.79942460710146,166.20252182454402
2025-04-14,Keyboard,4610.0,187.13799292375998,West,5,183.15942901960884,3.9785639041511445
2025-04-14,Laptop,2607.0,423.22759918648114,West,3,44.24231680118632,378.9852823852948
2025-04-07,Keyboard,6179.0,176.68453928671846,West,2,212.93638823793583,-36.25184895121737
2025-05-22,Monitor,7573.0,442.7392278047576,South,8,174.33298552256926,268.4062422821884
2025-05-10,Mouse,1984.0,100.66117568537166,North,3,180.3155581809889,-79.65438249561723
2025-05-24,Laptop,6776.0,366.65868985735807,East,7,103.48605329289047,263.1726365644676
2025-05-07,Headphones,4676.0,293.31431449020965,East,1,222.23429791611153,71.08001657409812
2025-04-09,Monitor,4380.0,93.44051158794836,West,6,186.8354680540172,-93.39495646606885
2025-04-10,Laptop,9711.0,158.85222271647754,East,3,45.895807301714726,112.95641541476282
2025-04-30,Headphones,9782.0,55.58181632479165,West,8,113.78894791341742,-58.207131588625764
2025-05-01,Laptop,2050.0,260.9455844590276,South,6,223.86748325083258,37.07810120819502
2025-04-20,Keyboard,4633.0,185.56936734200016,South,2,30.85524139039717,154.714125951603
2025-06-01,Laptop,,319.26086793399145,North,6,241.1258225176714,78.13504541632005
2025-04-15,Laptop,1959.0,183.75701346887774,South,7,176.20739071349945,7.549622755378294
2025-04-25,Laptop,7059.0,184.9636001781431,South,5,165.2164748579766,19.747125320166504
2025-05-13,Monitor,9884.0,384.4369394292215,North,3,82.22862899223801,302.20831043698354
2025-06-02,Laptop,6655.0,71.66427619025905,East,4,77.22211141001073,-5.557835219751681
2025-05-03,Headphones,5473.0,456.30274783639425,West,4,236.67339048237696,219.6293573540173
2025-04-24,Keyboard,3946.0,433.51874347603166,West,6,88.60266447384824,344.91607900218344
2025-05-01,Keyboard,8725.0,350.5121074518829,East,1,198.36621824536985,152.14588920651306
2025-06-14,Laptop,1526.0,316.9497065483229,North,4,110.41801358762821,206.53169296069473
2025-04-22,Monitor,4224.0,451.5361241628435,East,4,52.02843628048191,399.5076878823616
2025-04-25,Monitor,2875.0,133.3985807879215,South,1,22.464518469932557,110.93406231798895
2025-05-02,Headphones,2763.0,85.53612298587288,North,9,145.17918751350769,-59.643064527634806
2025-06-01,Laptop,9712.0,157.77957645929214,North,4,244.4291282662545,-86.64955180696236
2025-05-18,Keyboard,6797.0,407.5602254150856,North,7,104.90132457611703,302.6589008389686
2025-05-12,Monitor,8099.0,65.60162002691749,West,3,102.1542368184003,-36.55261679148282
2025-06-17,Laptop,6109.0,312.26307578757036,East,3,99.14107210537168,213.12200368219868
2025-05-03,Monitor,7644.0,497.9468822860895,North,8,139.72508258011743,358.22179970597205
2025-05-17,Monitor,1116.0,435.0632422268927,North,8,121.35292318758752,313.7103190393052
2025-05-04,Keyboard,3433.0,284.65056006961527,North,1,222.38036414721333,62.27019592240194
2025-06-01,Mouse,6463.0,78.63840917898905,East,2,136.26978209640276,-57.631372917413714
2025-05-11,Headphones,1583.0,424.1180814735694,West,8,136.78430278337083,287.3337786901986
2025-05-11,Headphones,9586.0,319.54032867974473,South,1,51.82546678572802,267.71486189401674
2025-05-30,Keyboard,4788.0,101.71984867680507,West,8,246.03009440938877,-144.3102457325837
2025-05-17,Monitor,5167.0,92.23577817051029,North,8,77.49376489983084,14.74201327067945
2025-05-24,Laptop,9465.0,459.3320687464666,West,2,36.87373551570862,422.45833323075794
2025-05-27,Monitor,2389.0,351.1401183221353,West,4,172.52363726429803,178.6164810578373
2025-05-31,Keyboard,9357.0,423.17905969253997,South,6,156.9342651360807,266.2447945564593
2025-06-15,Headphones,7154.0,445.5405051270203,East,9,115.48350041833152,330.0570047086888
2025-05-13,Monitor,6420.0,307.297558421745,East,8,117.10421379255595,190.19334462918906
2025-06-03,Headphones,9920.0,282.85085828976855,West,8,200.56470184067916,82.28615644908939
2025-07-09,Laptop,3043.0,243.6923346444456,West,7,65.01390722291929,178.6784274215263
2025-06-16,Headphones,5197.0,192.62596450600367,East,9,208.65826335732464,-16.032298851320974
2025-05-16,Headphones,4496.0,245.5681823864203,East,2,169.21183619585418,76.35634619056611
2025-05-18,Mouse,1778.0,398.24584507857037,South,3,116.3630479692906,281.88279710927975
2025-07-11,Mouse,1213.0,320.86554395680923,North,8,125.34658181428978,195.51896214251946
2025-06-22,Mouse,4762.0,451.6354804796807,West,6,79.02885765280203,372.6066228268787
2025-06-26,Headphones,7731.0,249.5210064706345,East,9,192.9862965203042,
2025-07-05,Keyboard,4117.0,323.1903104234393,West,4,137.96119073021157,185.22911969322774
2025-07-12,Headphones,6791.0,334.08839889139495,West,8,93.79654483246402,240.29185405893094
2025-06-24,Keyboard,9783.0,316.2637230378465,East,3,157.09152662501856,159.17219641282793
2025-06-21,Keyboard,3720.0,366.1851978884824,South,3,249.0189239718043,117.16627391667808
2025-07-17,Mouse,9905.0,156.84506076866282,West,8,120.11032432100738,36.734736447655436
2025-07-06,Monitor,7047.0,280.5636998956058,South,5,231.7590221790825,48.80467771652329
2025-06-18,Laptop,9032.0,96.90116126375645,East,3,99.3538731826502,-2.4527119188937547
2025-07-04,Mouse,1001.0,223.03009744016566,North,1,32.588522592746756,190.4415748474189
2025-06-08,Mouse,7368.0,269.45018087956896,North,3,66.97568446473863,202.47449641483033
2025-05-31,Monitor,2949.0,343.5009167954626,West,9,116.29988296536737,227.20103383009524
2025-07-13,Laptop,7732.0,477.73897366379157,East,5,70.51603357675087,407.2229400870407
2025-06-12,Headphones,8833.0,320.29297994676017,South,2,20.052218790198772,300.2407611565614
2025-06-12,Headphones,,384.6172622794519,West,7,230.45035368193126,154.16690859752063
2025-06-27,Mouse,4174.0,277.81972677284125,East,2,214.0922645831137,63.72746218972756
2025-06-07,Laptop,8014.0,335.34681411934906,East,4,190.72721324199784,144.61960087735122
2025-06-19,Mouse,1089.0,81.91949726019804,South,7,58.597356998586584,23.32214026161146
2025-07-09,Keyboard,2709.0,164.47621137883112,West,4,47.683622528296794,116.79258885053433
2025-07-14,Mouse,4041.0,212.83389194231242,East,7,35.549092378648126,177.2847995636643
2025-07-24,Mouse,1105.0,262.62200975293115,East,7,186.52671341777187,76.09529633515928
2025-07-11,Headphones,9619.0,70.54193547607268,East,1,233.6258309582136,-163.08389548214092
2025-06-24,Headphones,2895.0,113.01084389899296,South,6,119.0232388099985,-6.0123949110055435
2025-07-19,Headphones,7090.0,174.5664385060876,West,9,47.40235455909108,127.16408394699651
2025-06-11,Keyboard,9508.0,487.1897109054728,West,2,137.8503487683845,349.3393621370883
2025-08-06,Headphones,7082.0,199.10615319637284,West,3,100.23133871548492,98.87481448088792
2025-06-24,Laptop,1634.0,266.91847615043713,West,5,106.20973260049948,160.70874354993765
2025-08-03,Monitor,2925.0,138.2439707322768,North,9,162.9060435558127,-24.66207282353588
2025-06-15,Laptop,3056.0,324.8510319840957,North,4,185.30516605030655,139.54586593378914
2025-08-05,Laptop,7917.0,176.30744698218842,West,1,45.438827740826994,130.86861924136144
2025-07-13,Headphones,4144.0,143.14666029729204,South,4,28.18575308548957,114.96090721180248
2025-07-29,Monitor,1552.0,282.4576828006906,North,6,248.6959696177144,33.761713182976166
2025-08-15,Monitor,9907.0,52.47760962218937,East,5,73.52752025057691,-21.049910628387543
2025-07-14,Monitor,6383.0,53.448814692151394,North,1,32.381020728945586,21.06779396320581
2025-07-11,Keyboard,4911.0,148.580964095836,East,4,63.67132569206159,84.90963840377441
2025-08-06,Headphones,4389.0,66.52461312536951,West,6,28.960304660146768,37.564308465222744
2025-08-03,Monitor,9442.0,98.61158935881112,North,4,110.11650576194948,-11.504916403138367
2025-08-16,Keyboard,3430.0,202.48729220243823,South,9,204.5524104238046,-2.0651182213663617
2025-06-26,Mouse,1458.0,411.1635558109158,North,5,98.48622344427574,312.67733236664003
2025-07-29,Mouse,1207.0,307.4218895161854,North,8,122.16218358202431,185.25970593416108
2025-08-24,Keyboard,1899.0,280.7004766803874,North,9,175.3849579205109,105.31551875987648
2025-08-23,Keyboard,1021.0,182.06997044365474,West,5,137.04563611607244,45.024334327582295
2025-07-09,Headphones,9601.0,469.28917374476737,South,6,218.13250778490456,251.1566659598628
2025-07-22,Headphones,1894.0,228.65676855673624,North,1,219.188205260524,9.468563296212238
2025-07-04,Mouse,1514.0,89.19174505809717,South,7,22.279459962965337,
2025-07-20,Monitor,8294.0,327.6799322530106,West,4,198.9506504911358,128.72928176187477
2025-08-09,Mouse,5904.0,101.22727706447063,East,2,125.96872805558499,-24.741450991114363
2025-08-10,Monitor,8867.0,205.35041426076143,North,5,247.4333244998425,-42.08291023908109
2025-07-16,Monitor,5109.0,278.335372423014,South,3,131.1433774513501,147.19199497166392
2025-08-14,Headphones,8179.0,443.4001361083291,South,6,246.9860674393084,196.41406866902068
2025-08-31,Laptop,2560.0,272.0959611530534,West,8,193.5509530773194,78.54500807573399
2025-08-28,Laptop,2266.0,366.0164447142489,North,7,77.17912346106046,288.83732125318846
2025-08-21,Keyboard,4638.0,496.7675775495817,East,3,143.83084523600027,352.9367323135814
2025-07-20,Headphones,9941.0,109.17010395409173,South,8,248.19119708007403,-139.0210931259823
2025-07-22,Monitor,4427.0,173.62918648378377,North,2,217.23203978294245,-43.60285329915868
2025-09-04,Laptop,5780.0,227.55923401894088,East,9,42.39438557198085,185.16484844696004
2025-07-21,Monitor,2927.0,239.82268034247411,South,4,182.4655592662991,57.35712107617502
2025-08-14,Laptop,3356.0,234.95948386949559,South,1,99.483304750287,135.47617911920858
2025-09-08,Laptop,5790.0,458.4249511504497,East,8,21.605920232480067,436.81903091796966
2025-08-23,Laptop,,371.31469001008537,East,7,112.8006228762099,258.51406713387547
2025-09-07,Headphones,8979.0,323.5573463408167,West,5,73.9935169967434,249.56382934407333
2025-08-01,Mouse,4665.0,189.21772303825193,North,5,208.33993221970846,-19.122209181456526
2025-08-31,Monitor,8057.0,420.7056728995826,North,7,97.58604003452606,
2025-08-22,Headphones,1661.0,479.777230168245,West,5,210.33044960937792,269.4467805588671
2025-07-22,Headphones,5644.0,419.53922714760193,South,8,20.13752593200292,399.401701215599
2025-09-14,Headphones,9503.0,50.70429733616281,East,6,90.7984045060074,-40.09410716984459
2025-07-26,Headphones,3920.0,336.38061658253315,East,5,75.46799929078524,260.9126172917479
2025-08-17,Headphones,9946.0,73.01092164894533,East,9,73.72049304578053,-0.7095713968352015
2025-08-03,Keyboard,7236.0,165.92324915017485,South,2,35.68292254605642,130.24032660411842
2025-07-31,Monitor,7078.0,76.78611515649726,East,1,63.0385821944154,13.747532962081863
2025-09-16,Headphones,1352.0,321.70795382722446,East,8,147.77640107369257,173.9315527535319
2025-09-20,Monitor,8005.0,358.9654610716731,West,3,87.01304675268123,271.9524143189918
2025-08-06,Keyboard,1158.0,101.5194371296573,South,7,116.00079993570402,-14.481362806046718
2025-09-08,Keyboard,1956.0,222.72749737024077,North,8,106.67938247985336,116.04811489038741
2025-09-19,Monitor,3071.0,255.30642902999392,West,6,221.45813274997576,33.84829628001816
2025-09-02,Laptop,9595.0,216.07385979241246,West,9,228.21876977241857,-12.144909980006105
2025-08-03,Mouse,4453.0,104.46125021833687,North,7,133.38010348084782,-28.91885326251095
2025-08-09,Laptop,7675.0,238.52650558436395,West,5,95.93586857258902,142.59063701177493
2025-09-02,Laptop,1955.0,388.0301215137882,South,8,44.56416192054364,343.4659595932445
2025-08-14,Laptop,7295.0,81.95344903996497,East,2,239.28266225788184,-157.32921321791687
2025-09-18,Headphones,2712.0,86.08100633685655,South,7,33.85219732706841,52.22880900978814
2025-08-12,Keyboard,5703.0,209.6470813261929,North,4,88.4595638407045,121.1875174854884
2025-09-20,Laptop,7563.0,473.7765702285163,North,9,88.55522626910096,385.2213439594153
2025-08-09,Keyboard,6631.0,350.85769102531134,West,1,93.69229581224943,257.1653952130619
2025-08-14,Monitor,2394.0,355.4014805026542,South,7,57.78597395265413,297.6155065500001
2025-09-19,Mouse,5732.0,212.86399587703923,South,6,200.12712911245035,12.736866764588882
2025-09-11,Monitor,4714.0,317.1473560438423,North,8,48.17450825217752,
2025-08-31,Monitor,1529.0,54.55903281248452,South,5,166.02853160522744,-111.46949879274293
2025-10-08,Headphones,3958.0,336.243220884294,North,1,48.48458614233802,287.758634741956
2025-09-16,Mouse,8904.0,460.97912640930656,South,1,36.22319664638,424.75592976292654
2025-10-03,Monitor,4591.0,325.6580607551686,South,9,229.1687858477516,96.48927490741701
2025-08-31,Monitor,7895.0,443.1643670598553,South,6,63.729616253302304,379.434750806553
2025-09-10,Mouse,1525.0,375.7878749597422,North,5,208.887535548732,166.90033941101024
2025-08-29,Mouse,7477.0,104.2512873816606,West,1,145.26510035464122,-41.01381297298062
2025-08-25,Monitor,1001.0,456.1039882786288,South,6,37.90699951001701,418.1969887686118
2025-09-27,Mouse,1374.0,79.8997299600987,North,6,239.75308403075553,-159.85335407065685
2025-09-06,Monitor,,290.2853626464937,North,3,76.80106840813528,213.48429423835842
2025-10-05,Monitor,3365.0,113.96170570705596,South,8,217.7184294310995,-103.75672372404355
2025-09-02,Headphones,2525.0,55.26797482890683,South,1,58.82630133044976,-3.558326501542929
2025-08-29,Laptop,2646.0,239.91541705743757,West,1,216.40686289262615,23.508554164811414
2025-09-16,Monitor,1013.0,182.76831844437032,North,6,23.04262696821762,159.7256914761527
2025-09-21,Keyboard,5599.0,268.70022220892133,North,1,137.70950501098054,130.9907171979408
2025-10-11,Laptop,3278.0,309.73994903054785,East,6,196.97179326695806,112.76815576358979
2025-09-02,Laptop,4155.0,69.68258253902631,North,1,235.00296902334017,-165.32038648431387
2025-10-05,Laptop,9321.0,105.35148280568554,West,6,229.116491327492,-123.76500852180648
2025-08-31,Headphones,4814.0,301.38907840269144,East,3,208.51371999595833,92.87535840673311
2025-09-21,Monitor,4216.0,204.4253089276962,East,8,224.28401042209995,-19.85870149440376
2025-09-20,Headphones,9219.0,378.1280693972516,East,6,65.82052774252759,
2025-09-26,Monitor,3113.0,343.53124186637285,South,1,85.36238801369761,258.1688538526752
2025-09-17,Headphones,5356.0,430.52196334545806,South,5,86.46276073184346,344.0592026136146
2025-11-02,Headphones,6543.0,361.6217720011514,North,8,106.72240413039073,254.89936787076067
2025-10-23,Keyboard,,243.46898482556665,East,3,110.4637541885934,133.00523063697324
2025-10-04,Headphones,8062.0,352.83498007749455,West,6,145.24772467057537,207.58725540691918
2025-09-14,Mouse,4374.0,173.92152841493834,South,5,56.772345574281516,117.14918284065682
2025-10-14,Keyboard,7430.0,187.8410744501957,West,6,178.98673267077754,8.85434177941815
2025-10-27,Headphones,4466.0,405.043321964357,West,1,58.540304040036496,346.5030179243205
2025-10-31,Laptop,4081.0,250.88878238071197,South,7,91.37095088404594,159.51783149666602
2025-10-13,Mouse,1629.0,409.27115323325864,South,9,135.7693800394154,273.50177319384323
2025-10-03,Mouse,1269.0,420.0900681507253,South,2,203.1813291503998,216.9087390003255
2025-11-01,Mouse,6724.0,435.9030519475777,South,5,190.07792364490726,245.82512830267044
2025-10-30,Keyboard,6897.0,462.4858561285433,East,4,168.47290197442013,294.0129541541231
2025-09-19,Headphones,4432.0,243.9433492309833,East,6,55.82784993343914,188.11549929754415
2025-10-24,Headphones,7276.0,193.49006824451249,East,6,145.82042949158287,47.669638752929615
2025-10-04,Laptop,6895.0,311.98943596735126,East,2,40.112695413973654,271.8767405533776
2025-10-25,Laptop,8115.0,217.0275905469324,North,2,106.79353066322967,110.23405988370273
2025-11-11,Mouse,7656.0,320.48337506010483,East,4,115.1088019666906,205.37457309341423
2025-11-11,Laptop,1575.0,367.51363818972106,South,1,29.156631072523382,338.35700711719767
2025-10-27,Keyboard,8029.0,359.7822583214616,West,9,83.01726287809352,276.7649954433681
2025-10-21,Headphones,7099.0,218.5487991590546,East,7,239.79937747129256,-21.250578312237963
2025-11-12,Mouse,4192.0,125.08709076443877,North,7,239.3354998008286,-114.24840903638982
2025-10-24,Laptop,4178.0,243.7382023079934,South,3,101.03522247808404,142.70297982990934
2025-10-04,Keyboard,7052.0,114.16736483685894,West,3,29.913025058114535,84.2543397787444
2025-10-10,Keyboard,3734.0,450.54366583271377,West,1,61.19183604548176,389.351829787232
2025-11-07,Laptop,7116.0,205.64485733203583,East,3,110.21009248971423,95.4347648423216
2025-11-25,Headphones,4568.0,119.5068862504957,West,3,237.98933053292285,-118.48244428242715
2025-11-15,Laptop,3203.0,61.45149195758789,East,4,52.475784613552534,8.975707344035357
2025-11-12,Mouse,2390.0,340.6200738289179,East,4,195.60864404368883,145.01142978522907
2025-10-18,Laptop,2742.0,336.60604285463444,South,3,44.99698405617917,291.6090587984553
2025-10-24,Keyboard,2925.0,203.27187496158126,South,8,245.68924279999368,-42.41736783841242
2025-11-04,Laptop,1619.0,82.27034998144296,North,8,107.77179479510104,-25.501444813658082
2025-10-19,Headphones,2274.0,234.3330027028544,South,1,198.30394394678288,36.02905875607152
2025-11-27,Monitor,1956.0,190.0478727785271,South,7,98.79594904656032,91.25192373196678
2025-11-12,Laptop,2939.0,354.70428788075424,East,2,164.363841746526,190.34044613422824
2025-11-10,Headphones,,322.60066225371065,South,1,64.16369949020844,258.4369627635022
2025-11-10,Headphones,1968.0,214.067177688893,East,3,53.584834438301385,160.4823432505916
2025-11-05,Keyboard,1281.0,148.05164941474555,East,4,235.7547521006702,-87.70310268592465
2025-10-11,Headphones,7262.0,494.61618477001633,South,6,231.05887391801969,263.55731085199665
2025-11-09,Headphones,2058.0,254.3007295382517,North,5,224.11785624896294,30.18287328928875
2025-10-24,Headphones,5293.0,359.72340610110666,North,4,163.8496935383165,195.87371256279016
2025-11-22,Headphones,6178.0,113.24883541026236,West,8,205.901688579744,-92.65285316948163
2025-10-29,Mouse,7980.0,268.51536484672897,West,4,35.87849548961623,232.63686935711274
2025-12-12,Mouse,2229.0,62.39152394125947,South,2,97.00147963485621,-34.60995569359674
2025-10-20,Keyboard,5585.0,277.4548030597025,North,3,92.15171869414593,185.30308436555657
2025-12-10,Laptop,9467.0,483.80783320296604,East,6,166.19842404910105,317.609409153865
2025-11-14,Headphones,3740.0,222.8930208436101,West,8,101.87028789824731,121.02273294536278
2025-12-10,Laptop,3289.0,67.54820565871022,East,8,54.156559778046585,13.391645880663631
2025-11-27,Laptop,2239.0,63.93010591370459,West,9,157.18742734511505,-93.25732143141047
2025-12-04,Keyboard,6370.0,224.59404197609126,South,7,207.30830175388874,17.28574022220252
2025-11-10,Headphones,1125.0,122.01122140843732,North,2,107.88840372579384,14.122817682643486
2025-11-15,Headphones,8473.0,60.50844334768366,West,8,50.42180447265079,10.086638875032868
2025-11-19,Monitor,6342.0,390.29612627757956,North,7,65.23828538194931,325.05784089563025
2025-11-23,Laptop,8351.0,256.3353539968508,East,8,74.62116018895831,181.7141938078925
2025-12-22,Laptop,7638.0,180.16014738769454,South,3,88.97644638874333,91.18370099895121
2025-12-10,Mouse,7570.0,455.0374323574163,North,7,167.8428662164511,287.1945661409652
2025-11-23,Monitor,4249.0,102.26253209023653,South,9,158.21746144367538,-55.95492935343884
2025-11-23,Mouse,8595.0,480.1634730298936,North,3,180.098368160419,300.0651048694746
2025-11-05,Mouse,7294.0,191.28502281980877,East,6,103.37545644224802,87.90956637756075
2025-12-11,Mouse,7527.0,449.78165253890654,East,2,209.51945993239502,240.26219260651152
2025-12-17,Keyboard,6757.0,321.3242944157577,South,2,66.94016206582486,254.38413234993286
2025-12-24,Keyboard,2969.0,422.01831188366936,East,5,127.8793719291754,294.13893995449394
2025-12-31,Mouse,1891.0,492.8059234447089,West,5,204.21590595452898,288.59001749017995
2025-12-11,Monitor,5470.0,179.78244701843556,North,7,61.436488978502425,118.34595803993314
2025-11-09,Laptop,8175.0,482.51096843341685,East,2,45.268516160380074,437.24245227303675
2025-11-28,Monitor,9320.0,225.26685270608917,West,7,223.24731256823765,2.0195401378515214
2025-12-04,Headphones,7812.0,223.48035713161505,South,5,98.87382243461505,124.606534697
2025-12-11,Keyboard,8519.0,203.17419691452756,West,6,177.29012872907737,25.88406818545019
2025-12-31,Laptop,5612.0,293.6334233064133,South,8,25.83017898070585,267.80324432570745
2025-11-24,Laptop,2198.0,119.36526943031919,South,4,178.7107843341734,-59.34551490385422
2025-12-12,Headphones,6238.0,299.170168411105,North,7,92.70330165580322,206.4668667553018
2025-12-07,Headphones,7089.0,293.7671655845018,North,6,32.8203963251116,260.9467692593902
2025-12-30,Mouse,7257.0,392.8558156721915,West,2,160.25693515606693,232.59888051612458
2025-12-14,Keyboard,8705.0,425.1424828719135,North,8,75.38487769682985,349.75760517508365
2025-12-03,Keyboard,4719.0,248.1986076405908,North,9,108.9656656719324,139.2329419686584
2025-11-24,Monitor,1302.0,186.0499622081722,North,5,38.53358682589813,147.51637538227408
2025-12-15,Mouse,1986.0,166.7007037926925,West,4,53.847547751837425,112.85315604085508
2026-01-10,Mouse,5440.0,137.58072651719237,East,6,88.53476416404406,49.04596235314831
2026-01-15,Mouse,5909.0,75.9414119895612,North,8,40.644685128836144,35.29672686072506
2026-01-09,Mouse,4072.0,204.101590475621,North,3,229.4900408778525,-25.388450402231484
2025-12-29,Keyboard,4124.0,171.61146145885246,West,1,21.390819932315036,150.22064152653743
2025-11-25,Keyboard,9125.0,484.8878236398833,East,4,131.28785033879163,353.5999733010917
2025-11-25,Mouse,4291.0,300.9689718125197,North,4,48.34691537048683,252.62205644203289
2026-01-18,Monitor,5033.0,206.2746675637284,South,1,90.76619057992816,115.50847698380024
2025-12-23,Laptop,6105.0,311.2104204471632,West,9,232.99369875820105,78.21672168896214
2026-01-16,Laptop,1703.0,112.63851560556299,North,3,57.189747253016975,55.44876835254601
2025-12-07,Monitor,9133.0,249.8196871409913,North,5,242.1414335352165,7.678253605774813
2025-12-30,Mouse,1574.0,331.8054446394787,South,6,67.33270670756698,
2026-01-05,Keyboard,,270.0040243066031,South,8,190.5602049473708,79.44381935923232
2026-01-26,Laptop,8848.0,230.8004602944459,West,6,145.7357709263817,85.06468936806422
2025-12-11,Headphones,6208.0,497.2317750048642,West,3,223.43010734725462,273.8016676576095
2025-12-28,Headphones,7924.0,446.14164296701716,South,6,147.41844876572011,298.723194201297
2026-01-04,Monitor,4828.0,330.53268117174804,West,1,142.94862040595098,187.58406076579706
2025-12-24,Mouse,4230.0,306.2198125320272,South,4,64.95534008473197,241.26447244729525
2026-01-12,Laptop,1488.0,329.29721592106284,North,6,58.232753271881506,271.06446264918134
2026-01-05,Mouse,8114.0,140.59044852009498,South,7,230.79250475656826,-90.20205623647328
2026-01-13,Laptop,4173.0,227.81198446894336,South,3,95.40278573550783,132.40919873343552
2026-01-22,Monitor,2667.0,67.7567898009047,East,9,105.57891864146606,-37.82212884056136
2025-12-10,Monitor,5114.0,263.995716869072,South,7,194.75944143852934,69.23627543054266
2026-01-05,Headphones,4553.0,294.36106278094843,South,1,97.92940095724569,196.43166182370274
2026-01-15,Mouse,8761.0,152.48738124644433,East,2,238.97436272697064,-86.48698148052631
2025-12-22,Headphones,2000.0,483.8129812244812,West,1,189.72338686972407,294.0895943547571
2026-01-28,Mouse,2388.0,459.2545749217589,East,9,157.4087257918866,301.84584912987225
2025-12-31,Headphones,6450.0,374.96445595515763,North,9,222.60588692529308,152.35856902986455
2026-02-11,Keyboard,4712.0,290.02398294441315,East,7,31.40935892038103,258.61462402403214
2025-12-16,Keyboard,2367.0,441.4861218414582,North,3,79.12441920351802,362.3617026379402
2026-01-20,Keyboard,9189.0,108.79355472055832,West,5,126.95835687080928,-18.164802150250964
2026-01-21,Keyboard,1454.0,405.72940742369826,East,4,72.20506407844984,333.52434334524844
2026-01-18,Laptop,3772.0,106.16936628508174,East,7,191.09819307949493,-84.9288267944132
2026-01-16,Keyboard,4726.0,407.39479814723245,West,9,231.41784714235678,175.97695100487567
2026-01-28,Monitor,8232.0,174.0954057131106,North,2,117.46712758411238,56.62827812899823
2025-12-22,Monitor,5806.0,444.690761458185,East,8,98.69049802573583,346.0002634324492
2026-01-16,Laptop,3190.0,474.81894222142904,North,9,241.15666839164024,233.6622738297888
2026-02-04,Keyboard,3875.0,116.95818623230204,East,9,122.31605955033439,-5.357873318032347
2026-01-31,Keyboard,6592.0,258.2040222794271,South,7,132.48113210333514,125.72289017609194
2026-01-14,Keyboard,2440.0,491.4443201732083,East,9,100.87947063863824,390.5648495345701
2025-12-29,Headphones,9927.0,267.533346187916,West,9,229.19614879279183,38.33719739512415
2026-02-16,Mouse,7059.0,438.59638513154533,West,3,150.85976115482566,287.73662397671967
2025-12-30,Headphones,8010.0,314.92918495909396,North,4,195.30015505177826,119.6290299073157
2026-01-16,Mouse,8117.0,218.89845856382084,East,2,206.71554522070386,12.18291334311698
2026-02-12,Keyboard,3989.0,178.6025999866416,North,3,98.62527964096938,79.97732034567221
2026-01-10,Keyboard,7228.0,141.4503909887393,North,5,119.7496962036874,21.70069478505188
2026-01-06,Headphones,7471.0,392.8091861199637,South,5,215.14850811344087,177.66067800652286
2026-01-11,Headphones,3863.0,223.94322807036255,South,6,103.54873088543636,120.3944971849262
2026-01-05,Mouse,2177.0,280.07395799033804,West,7,202.6050806939258,77.46887729641224
2026-02-07,Monitor,5760.0,271.54646600053184,North,7,236.42823419212053,35.11823180841131
2026-03-06,Mouse,1011.0,309.77556315490904,West,1,163.3383858056416,146.43717734926744
2026-02-13,Headphones,6252.0,439.5097155310485,East,2,190.57427611393445,248.93543941711408
2026-02-07,Headphones,5399.0,491.33270461254324,North,9,205.17238176946103,286.1603228430822
2026-01-18,Laptop,9234.0,233.41289385821761,North,2,214.35911924622778,19.053774611989837
2026-02-28,Headphones,6445.0,422.3835149478364,East,6,110.86226770706307,311.5212472407733
2026-01-22,Laptop,7570.0,394.0375075946229,East,1,31.790595610479578,362.24691198414337
2026-02-16,Monitor,9212.0,308.088028155008,West,3,112.4315423844501,195.65648577055788
2026-03-07,Mouse,1406.0,480.2212146253699,West,2,174.96393285034065,305.25728177502924
2026-02-03,Mouse,5431.0,140.21353198778127,East,3,123.58058872958235,16.63294325819892
2026-03-04,Laptop,6243.0,99.16889463932964,West,5,192.26152469789167,-93.09263005856204
2026-03-03,Mouse,7542.0,434.28288512994,East,6,102.1059587777927,332.1769263521473
2026-01-22,Headphones,7936.0,247.61741748518673,North,9,165.9911524539268,81.62626503125995
2026-03-06,Keyboard,9906.0,431.13598439317724,North,4,62.87655511641415,368.25942927676306
2026-03-08,Laptop,5146.0,451.8905923379367,South,7,192.3549704283401,259.5356219095966
2026-01-22,Mouse,1140.0,78.10591712858215,North,6,145.51007282699595,-67.4041556984138
2026-01-30,Laptop,5882.0,447.5591433437273,East,2,66.93480936571814,380.6243339780092
2026-01-26,Laptop,7012.0,251.74357491624,West,8,87.13956990449567,164.60400501174433
2026-03-09,Keyboard,1963.0,279.6946200519045,South,7,192.18000297382144,87.51461707808306
2026-02-18,Headphones,8151.0,331.9666299919446,West,7,130.99828420214976,200.96834578979485
2026-02-14,Laptop,9564.0,466.87217302853907,East,8,69.6872312904066,397.18494173813247
2026-03-11,Mouse,4610.0,58.60224249339382,North,1,242.47237378516846,-183.87013129177464
2026-02-21,Monitor,7894.0,264.5795607430177,South,1,184.47875455788423,80.10080618513345
2026-03-06,Laptop,8311.0,359.4749190937523,East,8,240.14101148415313,119.33390760959918
2026-03-13,Laptop,1105.0,375.2181309642028,South,4,118.23416043287894,256.9839705313239
2026-02-24,Keyboard,6539.0,361.63959419169856,South,5,129.2730783590957,232.36651583260286
2026-02-07,Headphones,7787.0,110.49580823365483,North,8,226.5296997225544,-116.03389148889957
2026-02-05,Monitor,3137.0,184.72801476725655,East,5,140.76134825643845,43.9666665108181
2026-02-16,Mouse,5445.0,211.42198643765605,West,4,182.67414973830344,28.747836699352604
2026-04-02,Monitor,4530.0,411.9967434557772,South,6,77.9997618239719,333.99698163180534
2026-02-19,Mouse,2286.0,175.44194258654886,South,5,122.74708780160732,52.69485478494154
2026-02-05,Headphones,8052.0,144.81723374024142,West,7,48.393469136381675,96.42376460385975
2026-02-21,Mouse,,480.8516085671433,East,7,67.37540825170119,413.4762003154421
2026-03-15,Keyboard,8102.0,53.98847830106101,South,4,20.21698551155515,33.77149278950586
2026-02-10,Keyboard,,499.0193850568902,South,5,29.030961879191853,469.98842317769834
2026-04-01,Keyboard,9105.0,354.56958448582805,South,3,244.77527933069373,109.79430515513431
2026-03-28,Keyboard,9636.0,422.8111847521027,East,4,75.74134988145533,347.06983487064736
2026-03-13,Monitor,7441.0,182.57872835578692,East,4,172.56146318592045,10.017265169866477
2026-02-24,Headphones,6047.0,56.44187495017699,West,3,212.99293072391066,-156.55105577373368
2026-04-09,Mouse,9227.0,382.04128335268854,East,5,146.65190562440978,235.38937772827876
2026-03-01,Mouse,6203.0,425.3650686503041,East,5,55.223235019309925,370.1418336309942
2026-04-10,Keyboard,2798.0,383.2142593790836,North,7,187.46678058731825,195.74747879176536
2026-03-30,Keyboard,6291.0,114.28262928537737,West,4,158.0578243229041,-43.77519503752674
2026-03-09,Laptop,6495.0,389.0425650156361,South,4,188.18763554989627,200.85492946573984
2026-02-19,Headphones,7284.0,396.01525194843845,East,9,197.04172325713006,198.9735286913084
2026-04-13,Monitor,8285.0,346.3432320515247,South,6,244.34438456749137,101.99884748403332
2026-03-18,Mouse,2300.0,394.7521697580138,South,4,151.9195544061433,242.8326153518705
2026-03-30,Laptop,7869.0,430.6646478549795,North,2,98.57745591883842,332.08719193614104
2026-03-19,Laptop,4097.0,326.1218514068563,East,6,169.14684808705454,156.97500331980177
2026-04-21,Mouse,5616.0,89.87212128635558,West,2,35.741363125804014,54.130758160551565
2026-04-23,Monitor,1009.0,269.4325143502449,East,5,226.40138321396486,43.03113113628004
2026-04-03,Laptop,6752.0,84.94220060222227,South,6,47.45763260778526,37.484567994437015
2026-04-12,Laptop,7295.0,233.39436396459388,West,4,95.4038527137382,137.99051125085566
2026-03-23,Headphones,5815.0,233.19792010653242,East,3,207.62143754400782,25.576482562524603
2026-03-10,Monitor,2072.0,79.70442986310871,South,7,157.38184701606372,-77.677417152955
2026-03-08,Laptop,4225.0,206.9692402862657,South,2,110.53616966381168,96.43307062245401
2026-03-09,Monitor,2316.0,99.94914445609167,North,6,128.89020165625493,-28.941057200163257
2026-04-04,Mouse,6699.0,413.70584450415,North,4,216.54590043650148,197.1599440676485
2026-04-25,Keyboard,7807.0,476.45961168401186,North,6,98.20100879377519,378.25860289023666
2026-03-11,Laptop,7674.0,82.54241386607237,South,4,220.0194275067994,-137.47701364072702
2026-04-12,Headphones,,479.80184328126563,East,4,40.27091912463904,439.5309241566266
2026-03-27,Mouse,8227.0,285.15946970153533,North,4,198.66364055798508,86.49582914355025
2026-03-15,Monitor,4273.0,184.80455507924324,East,9,214.93595560258936,-30.131400523346116
2026-04-28,Mouse,8000.0,84.58793387427357,North,7,61.81806015258791,22.769873721685663
2026-05-02,Laptop,1145.0,275.280920631688,West,3,118.97970244560611,156.30121818608188
2026-03-31,Monitor,6010.0,407.5319950208369,West,3,58.06494817264079,349.4670468481961
2026-05-06,Keyboard,4040.0,368.18891477001415,North,6,182.51894966867007,185.66996510134408
2026-04-01,Mouse,1482.0,72.60170515878819,South,6,143.12998665418104,-70.52828149539285
2026-03-21,Laptop,4179.0,82.80582591555658,North,4,166.12436974291384,-83.31854382735726
2026-05-11,Headphones,2249.0,231.2929771846867,North,9,65.19200239992855,166.10097478475814
2026-04-30,Monitor,1630.0,182.88072232157447,South,4,68.7015482720565,114.17917404951797
2026-04-16,Mouse,9853.0,154.57294537522154,West,9,29.544384867278467,125.02856050794307
2026-05-06,Mouse,3852.0,176.4520245089211,East,4,94.07553309501783,82.37649141390328
2026-05-14,Keyboard,1987.0,411.5672344835981,North,2,148.74127210674524,262.8259623768529
2026-04-17,Keyboard,8622.0,468.15262413433425,South,2,217.3250302193856,250.82759391494864
2026-05-07,Headphones,8327.0,232.2962125374049,North,5,173.39331291549655,58.90289962190835
2026-03-30,Headphones,9841.0,457.7499509596237,South,4,120.14115438194283,337.60879657768083
2026-04-06,Laptop,2100.0,194.67306556154688,East,7,239.2176263106517,-44.54456074910482
2026-04-22,Laptop,7652.0,264.3966438547062,East,5,185.42639613244134,78.97024772226487
2026-04-19,Headphones,9632.0,151.71304901719986,West,6,233.9379966583865,-82.22494764118665
2026-04-04,Headphones,8421.0,338.2142189791298,South,4,141.34523385259808,196.8689851265317
2026-04-24,Monitor,6016.0,490.541501828664,South,2,79.5479832024221,410.9935186262419
2026-05-20,Keyboard,1769.0,321.5718932195204,West,9,32.15013786388606,289.42175535563433
2026-04-13,Laptop,2343.0,211.01633785109698,West,7,186.99951584128561,24.016822009811364
2026-05-04,Keyboard,5358.0,341.51785069573776,South,4,47.89968954127285,293.61816115446493
2026-04-19,Keyboard,7780.0,105.31430530942441,West,3,89.63827950255245,15.676025806871962
2026-05-15,Headphones,7602.0,449.8965861194294,East,3,142.4683088132964,307.428277306133
2026-05-25,Monitor,3349.0,276.38777785092634,North,9,149.81581518934198,126.57196266158437
2026-05-09,Mouse,6699.0,252.20738391783894,East,5,158.13413530704128,94.07324861079766
2026-04-25,Monitor,2241.0,313.63915480408366,West,3,58.23872598043115,255.4004288236525
2026-04-11,Monitor,2125.0,331.1527382552311,South,5,107.33960310897922,223.81313514625188
2026-04-28,Keyboard,7764.0,82.29911280193086,South,2,161.95467223690235,-79.6555594349715
2026-05-17,Monitor,6101.0,357.1777495505311,East,4,243.05833886577048,114.1194106847606
2026-05-17,Laptop,8843.0,158.86925614198833,South,2,187.3551616709284,-28.485905528940066
2026-05-07,Keyboard,1072.0,371.2786846279654,West,2,232.1988641316103,139.0798204963551
2026-04-25,Laptop,6472.0,420.1406574728885,East,8,195.3087734122607,224.8318840606278
2026-05-18,Mouse,6189.0,411.7813283986341,South,1,156.0949028452521,255.686425553382
2026-05-09,Keyboard,3472.0,298.6254353335501,North,7,64.16537490135924,234.46006043219086
2026-05-30,Mouse,1707.0,284.076451539838,North,5,173.337699935278,110.73875160455998
2026-05-21,Keyboard,2804.0,114.29418260273528,West,8,163.37730017077862,-49.08311756804335
2026-05-15,Headphones,7704.0,398.905767681411,South,1,158.56790920517128,240.33785847623975
2026-04-29,Monitor,4713.0,172.13422120102146,West,7,132.65074963729538,39.483471563726084
2026-06-08,Headphones,6051.0,273.5129402680759,East,5,141.5910189175334,131.9219213505425
2026-05-20,Mouse,3475.0,177.92334181738252,North,4,96.92178123716394,81.00156058021858
2026-06-14,Monitor,4610.0,110.2227633498619,East,7,139.44191930772973,-29.219155957867827
2026-04-28,Keyboard,5255.0,333.30096360128147,South,2,65.43785830605,267.86310529523143
2026-06-16,Monitor,8397.0,74.44941567030672,West,1,205.19011139288665,-130.74069572257991
2026-05-18,Laptop,2735.0,386.89035535679,West,1,62.728699580702795,324.1616557760872
2026-05-16,Monitor,9258.0,192.9140578675025,West,1,39.54224667457727,153.37181119292524
2026-05-06,Laptop,8979.0,50.0606118520184,East,5,120.3365860621462,-70.2759742101278
2026-05-20,Monitor,3428.0,280.0081126567534,North,7,171.41071108639423,108.59740157035915
2026-05-24,Laptop,8426.0,71.0833588374214,East,2,120.67486973471452,-49.59151089729312
2026-06-16,Mouse,9533.0,174.27630101940474,East,8,83.65345034880099,90.62285067060375
2026-06-15,Headphones,6249.0,368.1394193550723,South,4,148.37937229480136,219.76004706027092
2026-06-10,Keyboard,6291.0,78.21032972983964,South,3,99.81053714480599,-21.60020741496635
2026-05-27,Monitor,3817.0,427.702321560201,South,8,234.5595687291256,193.14275283107543
2026-05-28,Headphones,4874.0,51.7189651963624,North,2,232.20838210882158,-180.48941691245918
2026-05-09,Keyboard,5211.0,161.070741140856,North,3,135.54551859358196,25.52522254727404
2026-05-25,Keyboard,1661.0,383.40682526843216,South,3,95.41331862419946,287.9935066442327
2026-06-01,Laptop,4374.0,192.32156737818806,South,1,189.54045521002698,2.781112168161087
2026-05-09,Mouse,1207.0,95.85157462970608,North,6,28.443977001105328,67.40759762860075
2026-06-16,Mouse,3665.0,212.10526346019253,West,2,129.1968713900398,82.90839207015273
2026-05-13,Headphones,3493.0,171.6769788730365,North,1,97.35438068217671,74.32259819085978
2026-06-18,Mouse,7813.0,429.2203559722497,North,2,231.72325357358758,197.49710239866212
2026-06-13,Monitor,1632.0,191.0065629133144,North,6,22.760696272716984,168.24586664059743
2026-06-19,Mouse,4083.0,405.01961229920323,South,4,147.1474214152203,257.87219088398297
2026-06-06,Headphones,4719.0,451.3424651648306,West,6,190.35262364532397,260.9898415195066
2026-07-08,Mouse,8123.0,245.2178388094383,North,9,131.55413713052948,113.66370167890881
2026-06-27,Monitor,2679.0,459.4744147344764,South,8,39.64269693742598,419.83171779705043
2026-05-15,Laptop,1236.0,219.79312428343678,East,1,243.6661197064175,-23.872995422980722
2026-06-08,Headphones,8446.0,483.8352874205487,East,8,139.14239921650253,344.6928882040462
2026-05-24,Laptop,5443.0,90.18028603650782,North,9,161.2628361933726,-71.08255015686478
2026-07-08,Laptop,7770.0,359.15866992645925,East,6,74.42025002272669,284.73841990373256
2026-06-13,Laptop,7099.0,272.2163182056179,West,5,131.20455957456488,141.011758631053
2026-05-19,Keyboard,9555.0,224.44196245504116,East,6,118.70438315041403,105.73757930462713
2026-06-11,Keyboard,3368.0,334.7203454368704,East,6,37.226043660456256,297.49430177641415
2026-05-30,Laptop,1285.0,366.73569123544905,West,9,44.416881315917465,322.3188099195316
2026-07-02,Headphones,1148.0,51.96347134263909,North,4,212.61867951231815,-160.65520816967907
2026-07-13,Monitor,5037.0,125.12888993623942,North,2,75.15858900751576,49.97030092872366
2026-06-17,Monitor,7549.0,370.87072278544343,West,9,64.84040244468503,306.0303203407584
2026-07-17,Mouse,8121.0,349.8734361101929,West,2,136.12963378753204,213.74380232266088
2026-05-28,Headphones,5895.0,484.72137730790473,West,9,196.81184021337796,287.90953709452674
2026-06-01,Keyboard,6280.0,392.46700561285235,East,2,34.24769927316722,358.21930633968515
2026-07-24,Laptop,2012.0,477.8477184791021,West,8,152.66582151679884,325.1818969623033
2026-06-03,Mouse,3785.0,366.14322569066314,South,9,47.41840185333187,318.72482383733126
2026-07-21,Monitor,4725.0,184.12349388774942,East,9,28.386041689892245,155.73745219785718
2026-06-01,Keyboard,5576.0,97.41421501288542,North,9,32.13110899731,65.28310601557541
2026-07-28,Keyboard,6782.0,401.820738505221,North,2,211.8577448879415,189.96299361727952
2026-07-29,Laptop,7257.0,339.8671496641622,North,4,47.133671234454155,292.73347842970804
2026-06-20,Monitor,3408.0,71.6837055769833,East,7,30.384813814827147,41.29889176215615
2026-06-26,Headphones,1340.0,212.02270965544025,South,2,120.71697404286982,91.30573561257043
2026-06-06,Keyboard,3817.0,480.55991696792876,West,1,214.1184985466657,266.44141842126305
2026-06-17,Laptop,3496.0,275.1805155695905,West,3,80.35392659253944,194.82658897705107
2026-06-28,Headphones,6962.0,244.7281112088671,North,4,116.99390203096077,127.73420917790632
2026-07-14,Monitor,6299.0,255.96482232168228,North,8,29.18218248966278,226.7826398320195
2026-06-28,Keyboard,8574.0,143.99722580232367,East,6,123.28805825102145,20.709167551302215
2026-07-18,Headphones,2689.0,215.91822688915784,South,2,152.85100854654075,63.06721834261708
2026-07-04,Headphones,4267.0,216.41596519422947,West,9,151.3086223629933,65.10734283123617
2026-07-29,Headphones,5406.0,73.55975908436258,East,2,96.45813920010399,-22.898380115741404
2026-07-02,Keyboard,9453.0,395.40543283306323,West,5,92.57263155252117,302.83280128054207
2026-06-14,Keyboard,2442.0,237.42699435674555,North,4,44.52343235541751,192.90356200132805
2026-06-15,Mouse,9597.0,419.9809490673905,West,7,104.36361374864173,315.61733531874876
2026-07-02,Monitor,5437.0,432.6566005039529,South,8,42.88377384078187,389.77282666317103
2026-08-14,Laptop,6435.0,145.39732461439613,South,5,196.31706728377188,-50.91974266937575
2026-06-18,Headphones,9435.0,345.80906697655786,North,5,242.24308848208275,103.5659784944751
2026-08-10,Mouse,5107.0,262.5268118733418,South,2,243.11712503334257,19.40968683999921
2026-08-10,Laptop,1560.0,446.07053206466827,South,8,218.9663528563406,227.10417920832768
2026-08-04,Mouse,9785.0,147.08330562940435,East,2,158.1821943481124,-11.098888718708054
2026-07-21,Keyboard,6548.0,355.0159401395199,West,6,181.19911036609238,173.81682977342751
2026-08-02,Headphones,2826.0,323.4884550137252,North,8,85.59733461649523,237.89112039722994
2026-08-09,Laptop,8629.0,182.88566490732475,North,6,165.07719663970275,17.808468267622004
2026-06-27,Laptop,9325.0,111.47040664302767,North,4,124.79939637117181,-13.328989728144137
2026-08-10,Laptop,4138.0,343.23789221477443,North,4,130.8639881486945,212.37390406607994
2026-08-20,Laptop,8693.0,382.3688561595488,North,6,194.28860888628634,188.08024727326244
2026-07-08,Laptop,9264.0,192.0323046935075,South,4,84.84122178736789,107.19108290613963
2026-07-22,Mouse,8842.0,340.1746718100412,East,8,93.14911068973957,247.02556112030163
2026-07-21,Headphones,7721.0,227.80890842517647,North,9,232.66761195958642,-4.858703534409955
2026-08-13,Keyboard,8002.0,370.94309747717796,East,1,32.93158781572362,338.01150966145434
2026-08-15,Keyboard,5225.0,139.6468737023239,East,4,131.6958886350683,7.950985067255601
2026-07-28,Keyboard,3978.0,450.5967511862785,South,4,229.9441840938082,220.6525670924703
2026-07-16,Keyboard,8373.0,179.33431840951087,North,2,160.38349179817612,18.950826611334747
2026-07-05,Mouse,6907.0,215.5036944902688,South,6,145.67362706879038,69.83006742147842
2026-07-29,Monitor,7097.0,76.1413784361574,North,3,77.4411612227517,-1.2997827865943066
2026-07-16,Headphones,6656.0,100.18049554457437,South,7,98.9533624848231,1.2271330597512673
2026-08-11,Laptop,9984.0,282.13785622054763,East,5,215.97113563507938,66.16672058546825
2026-08-01,Monitor,5259.0,170.41670452758717,North,4,148.62017030674536,21.796534220841806
2026-08-06,Keyboard,9286.0,425.9661015839875,West,5,138.39070456405938,287.5753970199281
2026-08-15,Monitor,6901.0,56.61202489472923,East,8,42.90333411420666,13.708690780522574
2026-07-27,Headphones,5917.0,220.59232190237128,West,3,23.686475984678317,196.90584591769297
2026-08-21,Laptop,9429.0,201.8054960460917,East,7,241.6475933980213,-39.842097351929596
2026-07-29,Laptop,3530.0,58.69743391292047,South,6,106.70681847597358,-48.00938456305311
2026-09-11,Headphones,2960.0,105.9657795502296,North,1,158.739004282886,-52.77322473265639
2026-08-01,Headphones,8045.0,236.13920371338588,East,7,38.33446683307555,197.80473688031032
2026-09-05,Keyboard,2048.0,271.789063001351,South,7,177.1162857163007,94.6727772850503
2026-09-09,Laptop,6772.0,231.9303862646911,North,1,234.49034300237102,-2.5599567376799257
2026-08-02,Monitor,3529.0,288.9219552854422,North,9,152.40300818940653,136.51894709603567
2026-08-04,Mouse,3964.0,317.8092537075567,East,6,49.00652414634443,268.8027295612123
2026-08-04,Mouse,8137.0,54.46571950752603,North,2,153.79595131889965,-99.33023181137362
2026-09-16,Headphones,1963.0,258.84282175407674,East,5,196.25985901407003,62.58296274000671
2026-08-25,Keyboard,1536.0,483.5746583994147,North,4,113.47580341202429,370.09885498739044
2026-08-03,Mouse,8340.0,283.5645260582969,West,7,222.3626820265376,61.20184403175929
2026-07-25,Laptop,8179.0,354.8940203565289,South,8,169.19707927219383,185.6969410843351
2026-08-09,Headphones,8967.0,190.33873606259743,West,1,226.82725120651656,-36.48851514391913
2026-08-21,Monitor,9734.0,398.29612016874313,East,5,163.40622158688757,234.88989858185556
2026-09-16,Headphones,1845.0,397.8146668442518,West,3,50.19623356110957,347.6184332831422
2026-08-01,Monitor,6777.0,284.5832214443625,East,1,91.2290935541935,193.354127890169
2026-09-10,Headphones,4036.0,489.2062204756461,North,3,66.4128380980651,422.793382377581
2026-08-04,Headphones,6947.0,106.49759664319402,North,6,229.03009447487833,-122.53249783168431
2026-09-04,Headphones,3494.0,57.62644920031145,East,7,194.892015476121,-137.26556627580956
2026-08-14,Monitor,3719.0,396.5711952906932,West,8,175.5716248493014,220.9995704413918
2026-08-12,Monitor,2884.0,413.21999181419716,North,4,89.22225351527298,323.99773829892416
2026-08-14,Headphones,5349.0,104.0932531042593,South,3,62.33029757154911,41.762955532710194
2026-08-22,Mouse,6179.0,169.51227483137274,North,5,193.98375023744973,-24.47147540607699
2026-09-08,Keyboard,7610.0,57.89856351498301,South,9,129.05632755218832,-71.15776403720531
2026-09-14,Keyboard,7430.0,181.9888748512541,West,6,71.9315969946447,110.0572778566094
2026-09-17,Keyboard,8154.0,397.91384326340216,South,9,161.82305497801326,236.0907882853889
2026-09-19,Monitor,7488.0,283.0822374706605,South,6,29.276785991843955,253.80545147881656
2026-09-28,Monitor,5737.0,206.64301692572963,South,2,95.0191584494983,111.62385847623132
2026-09-02,Mouse,7525.0,217.28268270784864,South,5,127.76810875596097,89.51457395188767
2026-08-18,Keyboard,4850.0,50.60913157196067,North,9,54.030416845163344,-3.4212852732026775
2026-10-10,Keyboard,1689.0,184.91023740435617,South,8,246.4705298458931,-61.560292441536944
2026-09-21,Headphones,6175.0,340.9064337370687,North,7,68.09239385561128,272.81403988145746
2026-08-17,Monitor,9648.0,488.3874997173607,South,1,49.98121990995108,438.40627980740965
2026-08-27,Keyboard,6078.0,431.1773721427548,East,4,66.81302099398617,364.3643511487686
2026-08-23,Mouse,6448.0,60.617734090488106,West,7,196.88406062673658,-136.26632653624847
2026-10-05,Mouse,2179.0,454.3522721036777,South,7,117.86630163252384,336.48597047115385
2026-09-13,Keyboard,7406.0,402.4392859843817,East,6,150.04566614308374,252.39361984129795
2026-09-21,Monitor,9591.0,401.1692556069412,South,8,24.832106106862973,376.3371495000782
2026-09-26,Mouse,7907.0,256.0980915516071,South,6,27.91920097186235,228.17889057974477
2026-10-08,Headphones,9800.0,229.10238182952628,South,3,122.53987646021372,106.56250536931256
2026-09-06,Mouse,2638.0,186.31207797493667,East,4,207.83070593637342,-21.51862796143675
2026-08-25,Laptop,6671.0,79.5626865294646,West,3,223.60494210274,-144.0422555732754
2026-10-04,Laptop,7928.0,152.7059135721646,East,1,39.94251054699725,112.76340302516735
2026-09-01,Monitor,2382.0,160.97163574011108,West,5,143.82351348323525,17.148122256875837
2026-09-27,Keyboard,2403.0,267.8346813695907,South,1,230.04282784423222,37.791853525358505
